date,rowNum,sp500,earnQ,earn,EG,etop,div,DG,DtoP,cci,DtoE,mich,tcm1y,consumer,infl12
1960-01-05,1,55.91,,3.53,-0.1371,6.31,2.00,-0.032,3.58,100.010,0.57,104.20,5.03,29.37,2.00
1960-02-04,2,55.91,,3.53,-0.1371,6.31,2.05,-0.032,3.66,100.010,0.58,99.61,4.66,29.41,2.00
1960-03-05,3,55.21,,3.60,-0.1371,6.52,1.92,-0.032,3.48,100.010,0.53,96.20,4.02,29.41,2.00
1960-04-05,4,55.19,,3.52,-0.1371,6.38,1.87,-0.032,3.38,100.010,0.53,93.96,4.04,29.54,2.00
1960-05-05,5,54.98,,3.44,-0.1371,6.26,1.81,-0.032,3.30,100.010,0.53,92.91,4.21,29.57,2.00
1960-06-05,6,56.67,,3.36,-0.1371,5.93,1.76,-0.032,3.11,100.010,0.52,93.03,3.36,29.61,2.00
1960-07-05,7,56.03,,3.21,-0.1371,5.73,1.80,-0.032,3.21,100.010,0.56,97.53,3.20,29.55,2.00
1960-08-05,8,56.32,,3.07,-0.1371,5.45,1.84,-0.032,3.27,100.010,0.60,97.61,2.95,29.61,2.00
1960-09-04,9,55.05,,2.92,-0.1371,5.30,1.88,-0.032,3.42,100.010,0.64,96.46,3.07,29.61,2.00
1960-10-04,10,53.45,,3.01,-0.1371,5.63,1.99,-0.032,3.72,100.010,0.66,91.19,3.04,29.75,2.00
1960-11-04,11,54.96,,3.11,-0.1371,5.66,2.09,-0.032,3.81,100.010,0.67,89.78,3.08,29.78,2.00
1960-12-04,12,56.71,,3.20,-0.1371,5.64,2.20,-0.032,3.88,100.010,0.69,89.33,2.86,29.81,2.00
1961-01-04,13,59.72,,3.09,-0.1371,5.17,2.09,0.0519,3.51,100.010,0.68,91.19,2.81,29.84,1.60
1961-02-03,14,62.48,,2.99,-0.1759,4.79,1.99,-0.0319,3.18,100.010,0.66,91.62,2.93,29.84,1.46
1961-03-06,15,64.23,,2.88,-0.2466,4.48,1.88,-0.0213,2.93,100.010,0.65,91.99,2.88,29.84,1.46
1961-04-05,16,66.00,,2.96,-0.1860,4.48,1.84,-0.0134,2.79,100.010,0.62,91.34,2.88,29.81,0.91
1961-05-06,17,66.07,,3.04,-0.1286,4.60,1.80,-0.0064,2.72,100.010,0.59,92.29,2.87,29.84,0.91
1961-06-05,18,65.69,,3.12,-0.0750,4.75,1.76,0.0000,2.68,100.010,0.56,93.87,3.06,29.84,0.78
1961-07-05,19,65.79,,3.08,-0.0421,4.68,1.83,0.0127,2.78,100.010,0.59,98.88,2.92,29.92,1.25
1961-08-05,20,67.71,,3.04,-0.0100,4.49,1.89,0.0268,2.80,100.010,0.62,99.68,3.06,29.94,1.11
1961-09-04,21,67.29,,3.00,0.0278,4.46,1.96,0.0426,2.91,100.010,0.65,99.04,3.06,29.98,1.25
1961-10-05,22,67.69,,3.00,-0.0034,4.43,1.96,-0.0145,2.90,100.010,0.65,93.13,3.05,29.98,0.77
1961-11-04,23,70.16,,3.00,-0.0362,4.28,1.96,-0.0741,2.79,100.010,0.65,92.51,3.07,29.98,0.67
1961-12-05,24,71.71,,3.00,-0.0641,4.18,1.96,-0.1364,2.73,100.010,0.65,93.36,3.18,30.01,0.67
1962-01-04,25,69.98,,3.20,0.0357,4.57,1.96,-0.0730,2.80,100.010,0.61,99.29,3.28,30.04,0.67
1962-02-03,26,69.62,,3.40,0.1349,4.88,1.96,-0.0141,2.82,100.010,0.58,100.32,3.28,30.11,0.90
1962-03-06,27,70.03,,3.60,0.2400,5.14,1.96,0.0408,2.80,100.010,0.54,100.09,3.06,30.17,1.11
1962-04-05,28,67.39,,3.57,0.2033,5.30,1.92,0.0408,2.85,100.010,0.54,96.80,2.99,30.21,1.34
1962-05-06,29,61.23,,3.55,0.1700,5.80,1.88,0.0408,3.07,100.010,0.53,95.37,3.03,30.24,1.34
1962-06-05,30,56.42,,3.52,0.1333,6.24,1.84,0.0408,3.26,100.010,0.52,94.03,3.03,30.21,1.24
1962-07-06,31,56.53,,3.43,0.1094,6.07,1.91,0.0408,3.37,100.010,0.56,91.80,3.29,30.22,1.00
1962-08-05,32,58.61,,3.33,0.0853,5.68,1.97,0.0408,3.37,100.010,0.59,91.33,3.20,30.28,1.14
1962-09-05,33,57.61,,3.24,0.0667,5.62,2.04,0.0408,3.54,100.010,0.63,91.67,3.06,30.42,1.47
1962-10-05,34,55.79,,3.60,0.1681,6.45,2.24,0.1458,4.02,100.010,0.62,93.87,2.98,30.38,1.33
1962-11-04,35,59.36,,3.96,0.2704,6.67,2.44,0.2553,4.11,100.010,0.62,95.00,3.00,30.38,1.33
1962-12-05,36,62.53,,4.32,0.3750,6.91,2.64,0.3696,4.22,100.010,0.61,96.13,3.01,30.38,1.23
1963-01-04,37,64.55,,4.13,0.2711,6.40,2.44,0.2517,3.78,100.010,0.59,98.76,3.04,30.44,1.33
1963-02-04,38,65.41,,3.95,0.1652,6.04,2.24,0.1419,3.42,100.010,0.57,98.77,3.01,30.48,1.23
1963-03-06,39,65.42,,3.76,0.0494,5.75,2.04,0.0392,3.12,100.010,0.54,97.66,3.03,30.51,1.13
1963-04-06,40,68.20,,3.85,0.0778,5.65,2.04,0.0536,2.99,100.010,0.53,92.24,3.11,30.48,0.89
1963-05-06,41,70.19,,3.95,0.1010,5.63,2.04,0.0656,2.91,100.010,0.52,91.28,3.12,30.51,0.89
1963-06-05,42,70.05,,4.04,0.1204,5.77,2.04,0.0758,2.91,100.010,0.50,91.58,3.20,30.61,1.32
1963-07-06,43,69.13,,3.93,0.1211,5.68,2.05,0.0601,2.97,100.010,0.52,95.83,3.48,30.69,1.56
1963-08-05,44,70.74,,3.83,0.1266,5.41,2.07,0.0417,2.92,100.010,0.54,96.65,3.53,30.75,1.55
1963-09-05,45,72.34,,3.72,0.1277,5.14,2.08,0.0196,2.88,100.010,0.56,96.73,3.57,30.72,0.99
1963-10-05,46,73.11,,4.00,0.1039,5.47,2.36,0.0588,3.23,100.010,0.59,94.01,3.64,30.75,1.22
1963-11-05,47,72.79,,4.28,0.0810,5.88,2.64,0.0980,3.63,100.010,0.62,94.14,3.74,30.78,1.32
1963-12-05,48,74.16,,4.56,0.0594,6.15,2.92,0.1373,3.94,100.010,0.64,95.05,3.81,30.88,1.65
1964-01-05,49,76.16,,4.51,0.0967,5.92,2.69,0.1234,3.54,100.010,0.60,98.70,3.79,30.94,1.64
1964-02-04,50,77.38,,4.45,0.1305,5.75,2.47,0.1097,3.19,100.010,0.55,99.73,3.78,30.91,1.41
1964-03-05,51,78.54,,4.40,0.1720,5.60,2.24,0.0962,2.85,100.010,0.51,100.07,3.91,30.94,1.41
1964-04-05,52,79.58,,4.48,0.1575,5.63,2.24,0.0847,2.81,100.010,0.50,98.37,3.91,30.95,1.54
1964-05-05,53,80.27,,4.56,0.1425,5.68,2.24,0.0758,2.79,100.010,0.49,98.39,3.84,30.98,1.54
1964-06-05,54,80.58,,4.64,0.1316,5.76,2.24,0.0685,2.78,100.010,0.48,98.74,3.83,31.01,1.31
1964-07-05,55,82.67,,4.52,0.1308,5.47,2.27,0.0792,2.74,100.010,0.50,100.31,3.72,31.02,1.08
1964-08-05,56,82.33,,4.40,0.1281,5.34,2.29,0.0919,2.79,100.010,0.52,100.70,3.74,31.05,0.98
1964-09-04,57,83.10,,4.28,0.1273,5.15,2.32,0.1071,2.79,100.010,0.54,100.78,3.84,31.08,1.17
1964-10-04,58,84.60,,4.48,0.1071,5.30,2.60,0.1071,3.07,100.010,0.58,99.72,3.86,31.12,1.20
1964-11-04,59,85.05,,4.68,0.0877,5.50,2.88,0.1071,3.39,100.010,0.62,99.80,3.91,31.21,1.40
1964-12-04,60,84.25,,4.88,0.0690,5.79,3.16,0.1071,3.75,100.010,0.65,100.19,4.02,31.25,1.20
1965-01-04,61,86.07,,4.89,0.0841,5.68,2.92,0.1000,3.39,100.010,0.60,101.11,3.94,31.28,1.10
1965-02-03,62,87.07,,4.91,0.1045,5.64,2.68,0.0930,3.08,100.010,0.55,101.95,4.03,31.28,1.20
1965-03-06,63,86.79,,4.92,0.1215,5.67,2.44,0.0862,2.81,100.010,0.50,102.94,4.06,31.31,1.20
1965-04-05,64,87.70,,5.04,0.1250,5.75,2.45,0.0821,2.80,100.010,0.49,105.07,4.04,31.38,1.39
1965-05-06,65,88.86,,5.16,0.1282,5.81,2.47,0.0787,2.78,100.010,0.48,105.60,4.03,31.48,1.61
1965-06-05,66,85.52,,5.28,0.1311,6.17,2.48,0.0759,2.90,100.010,0.47,105.53,3.99,31.61,1.93
1965-07-05,67,84.79,,5.13,0.1247,6.05,2.49,0.0776,2.94,100.010,0.49,103.84,3.98,31.58,1.81
1965-08-05,68,86.25,,4.99,0.1202,5.79,2.51,0.0796,2.91,100.010,0.50,103.34,4.07,31.55,1.61
1965-09-04,69,88.74,,4.84,0.1138,5.45,2.52,0.0820,2.84,100.010,0.52,103.01,4.20,31.62,1.74
1965-10-05,70,91.22,,5.13,0.1290,5.62,2.81,0.0870,3.08,100.010,0.55,103.42,4.30,31.65,1.70
1965-11-04,71,92.04,,5.43,0.1453,5.90,3.11,0.0919,3.38,100.010,0.57,102.99,4.37,31.75,1.73
1965-12-05,72,91.58,,5.72,0.1591,6.25,3.40,0.0968,3.71,100.010,0.59,102.29,4.72,31.85,1.92
1966-01-04,73,92.89,,5.49,0.1170,5.91,3.19,0.1070,3.43,100.010,0.58,101.17,4.88,31.88,1.92
1966-02-03,74,92.31,,5.27,0.0721,5.71,2.97,0.1170,3.22,100.010,0.56,100.05,4.94,32.08,2.56
1966-03-06,75,89.70,,5.04,0.0248,5.62,2.76,0.1270,3.08,100.010,0.55,98.77,4.97,32.18,2.78
1966-04-05,76,90.57,,5.28,0.0468,5.83,2.73,0.0995,3.02,100.010,0.52,97.16,4.90,32.28,2.87
1966-05-06,77,88.03,,5.52,0.0663,6.27,2.71,0.0773,3.07,100.010,0.49,95.71,4.93,32.35,2.76
1966-06-05,78,85.59,,5.76,0.0839,6.73,2.68,0.0588,3.13,100.010,0.47,94.23,4.97,32.38,2.44
1966-07-06,79,84.90,,5.68,0.1002,6.69,2.68,0.0586,3.16,100.010,0.47,92.46,5.17,32.45,2.75
1966-08-05,80,79.80,,5.60,0.1157,7.02,2.68,0.0583,3.36,100.010,0.48,91.14,5.54,32.65,3.49
1966-09-05,81,77.37,,5.52,0.1349,7.13,2.68,0.0580,3.46,100.010,0.49,90.00,5.82,32.75,3.57
1966-10-05,82,77.49,,5.64,0.0966,7.28,2.89,0.0293,3.73,100.010,0.51,87.98,5.58,32.85,3.79
1966-11-04,83,80.64,,5.76,0.0598,7.14,3.11,0.0000,3.85,100.010,0.54,87.98,5.54,32.88,3.56
1966-12-05,84,81.04,,5.88,0.0278,7.26,3.32,-0.0299,4.10,100.010,0.56,88.94,5.20,32.92,3.36
1967-01-04,85,83.64,,5.63,0.0246,6.73,3.15,-0.0149,3.76,134.300,0.56,92.76,4.75,32.90,3.20
1967-02-04,86,87.00,,5.37,0.0179,6.17,2.97,0.0000,3.42,134.300,0.55,94.25,4.71,33.00,2.87
1967-03-06,87,88.84,,5.12,0.0145,5.76,2.80,0.0149,3.15,137.500,0.55,95.29,4.35,33.00,2.55
1967-04-06,88,91.71,,5.17,-0.0195,5.64,2.76,0.0092,3.01,140.700,0.53,95.40,4.11,33.10,2.54
1967-05-06,89,91.76,,5.23,-0.0503,5.70,2.72,0.0043,2.96,137.350,0.52,95.93,4.15,33.10,2.32
1967-06-05,90,90.05,,5.28,-0.0816,5.86,2.68,0.0000,2.98,134.000,0.51,96.37,4.48,33.30,2.84
1967-07-06,91,92.76,,5.16,-0.0924,5.56,2.73,0.0169,2.95,132.050,0.53,97.40,5.01,33.40,2.93
1967-08-05,92,94.27,,5.04,-0.1043,5.35,2.79,0.0359,2.96,130.100,0.55,97.19,5.13,33.50,2.60
1967-09-05,93,95.41,,4.92,-0.1172,5.16,2.84,0.0571,2.98,132.300,0.58,96.40,5.24,33.60,2.60
1967-10-05,94,95.39,,5.28,-0.0696,5.54,3.00,0.0386,3.14,134.500,0.57,93.02,5.37,33.70,2.59
1967-11-05,95,93.23,,5.64,-0.0229,6.05,3.16,0.0196,3.39,135.300,0.56,92.59,5.61,33.90,3.10
1967-12-05,96,95.20,,6.00,0.0227,6.30,3.32,0.0000,3.49,136.100,0.55,93.09,5.71,34.00,3.28
1968-01-05,97,94.45,,5.85,0.0426,6.19,3.19,0.0146,3.37,137.000,0.54,97.11,5.43,34.10,3.65
1968-02-04,98,90.44,,5.71,0.0675,6.31,3.05,0.0287,3.38,137.900,0.53,97.54,5.41,34.20,3.64
1968-03-05,99,89.41,,5.56,0.0894,6.22,2.92,0.0423,3.27,137.250,0.53,96.95,5.58,34.30,3.94
1968-04-05,100,94.57,,5.64,0.0890,5.96,2.89,0.0444,3.06,136.600,0.51,93.29,5.71,34.40,3.93
1968-05-05,101,98.03,,5.72,0.0869,5.83,2.87,0.0464,2.92,133.650,0.50,92.22,6.14,34.50,4.23
1968-06-05,102,99.97,,5.80,0.0867,5.80,2.84,0.0482,2.84,130.700,0.49,91.69,5.98,34.70,4.20
1968-07-05,103,99.46,,5.63,0.0803,5.66,2.89,0.0502,2.91,131.000,0.51,92.50,5.65,34.90,4.49
1968-08-05,104,98.01,,5.45,0.0718,5.56,2.95,0.0524,3.01,131.300,0.54,92.43,5.43,35.00,4.48
1968-09-04,105,100.87,,5.28,0.0647,5.23,3.00,0.0548,2.97,136.800,0.57,92.27,5.45,35.10,4.46
1968-10-04,106,103.42,,5.65,0.0656,5.46,3.16,0.0553,3.06,142.300,0.56,90.87,5.57,35.30,4.75
1968-11-04,107,105.68,,6.03,0.0682,5.71,3.32,0.0558,3.14,140.100,0.55,91.43,5.75,35.40,4.42
1968-12-04,108,106.15,,6.40,0.0690,6.03,3.48,0.0563,3.28,137.900,0.54,92.80,6.19,35.60,4.71
1969-01-04,109,102.09,,6.20,0.0622,6.07,3.33,0.0507,3.27,138.050,0.54,97.99,6.34,35.70,4.69
1969-02-03,110,100.78,,6.01,0.0550,5.96,3.19,0.0452,3.16,138.200,0.53,98.69,6.41,35.80,4.68
1969-03-06,111,99.76,,5.80,0.0455,5.81,3.04,0.0400,3.05,137.400,0.52,97.92,6.34,36.10,5.25
1969-04-05,112,102.21,,5.83,0.0336,5.70,3.01,0.0380,2.95,136.600,0.52,93.50,6.26,36.30,5.52
1969-05-06,113,104.05,,5.85,0.0216,5.62,2.99,0.0361,2.87,137.250,0.51,91.44,6.42,36.40,5.51
1969-06-05,114,100.03,,5.88,0.0125,5.88,2.96,0.0345,2.96,137.900,0.50,89.56,7.04,36.60,5.48
1969-07-05,115,94.48,,5.75,0.0194,6.09,3.00,0.0320,3.18,134.800,0.52,88.34,7.60,36.80,5.44
1969-08-05,116,93.84,,5.61,0.0266,5.98,3.04,0.0293,3.24,131.700,0.54,86.46,7.54,36.90,5.43
1969-09-04,117,94.26,,5.48,0.0345,5.81,3.08,0.0263,3.27,129.250,0.56,84.40,7.82,37.10,5.70
1969-10-05,118,95.18,,5.64,-0.0017,5.93,3.23,0.0221,3.39,126.800,0.57,81.18,7.64,37.30,5.67
1969-11-04,119,95.60,,5.80,-0.0393,6.07,3.37,0.0179,3.53,126.400,0.58,79.51,7.89,37.50,5.93
1969-12-05,120,92.24,,5.96,-0.0748,6.46,3.52,0.0135,3.82,126.000,0.59,78.41,8.17,37.70,5.90
1970-01-04,121,88.94,,5.71,-0.0852,6.42,3.37,0.0133,3.79,113.850,0.59,78.80,8.10,37.90,6.16
1970-02-03,122,87.37,,5.45,-0.0998,6.24,3.23,0.0132,3.69,101.700,0.59,78.14,7.59,38.10,6.42
1970-03-06,123,89.10,,5.20,-0.1095,5.84,3.08,0.0130,3.46,99.850,0.59,77.36,6.97,38.30,6.09
1970-04-05,124,85.29,,5.28,-0.0975,6.19,3.05,0.0124,3.58,98.000,0.58,75.57,7.06,38.50,6.06
1970-05-06,125,77.25,,5.36,-0.0845,6.94,3.03,0.0119,3.92,93.050,0.56,75.22,7.75,38.60,6.04
1970-06-05,126,75.37,,5.44,-0.0738,7.22,3.00,0.0114,3.98,88.100,0.55,75.41,7.55,38.80,6.01
1970-07-06,127,75.12,,5.24,-0.0893,6.98,3.04,0.0119,4.05,89.550,0.58,77.96,7.10,38.90,5.71
1970-08-05,128,79.04,,5.04,-0.1046,6.38,3.08,0.0124,3.90,91.000,0.61,77.87,6.98,39.00,5.69
1970-09-05,129,82.69,,4.84,-0.1231,5.85,3.12,0.0130,3.77,87.100,0.64,76.96,6.73,39.20,5.66
1970-10-05,130,84.40,,4.91,-0.1383,5.82,3.19,-0.0131,3.78,83.200,0.65,72.52,6.43,39.40,5.63
1970-11-04,131,85.07,,4.97,-0.1549,5.84,3.25,-0.0396,3.82,79.450,0.65,72.00,5.51,39.60,5.60
1970-12-05,132,89.61,,5.04,-0.1691,5.62,3.32,-0.0667,3.70,75.700,0.66,72.69,5.00,39.80,5.57
1971-01-04,133,93.79,,5.21,-0.0954,5.55,3.20,-0.0570,3.41,76.550,0.61,76.73,4.57,39.90,5.28
1971-02-04,134,96.78,,5.39,-0.0119,5.57,3.08,-0.0476,3.18,77.400,0.57,78.23,3.89,39.90,4.72
1971-03-06,135,98.80,,5.56,0.0744,5.63,2.96,-0.0385,3.00,76.300,0.53,79.33,3.69,40.00,4.44
1971-04-06,136,102.37,,5.65,0.0754,5.52,2.96,-0.0293,2.89,75.200,0.52,79.53,4.30,40.10,4.16
1971-05-06,137,101.67,,5.75,0.0785,5.66,2.96,-0.0205,2.91,78.750,0.51,80.21,5.04,40.30,4.40
1971-06-05,138,99.33,,5.84,0.0794,5.88,2.96,-0.0120,2.98,82.300,0.51,80.86,5.64,40.50,4.38
1971-07-06,139,97.84,,5.65,0.0787,5.77,3.00,-0.0125,3.07,82.200,0.53,81.76,6.04,40.60,4.37
1971-08-05,140,97.23,,5.47,0.0798,5.63,3.04,-0.0130,3.13,82.100,0.56,82.17,5.80,40.70,4.36
1971-09-05,141,99.15,,5.28,0.0791,5.33,3.08,-0.0135,3.11,81.200,0.58,82.36,5.41,40.80,4.08
1971-10-05,142,96.62,,5.56,0.1150,5.75,3.13,-0.0180,3.24,80.300,0.56,80.42,4.91,40.90,3.81
1971-11-05,143,93.41,,5.84,0.1513,6.25,3.19,-0.0225,3.41,82.650,0.55,81.60,4.67,41.00,3.54
1971-12-05,144,98.06,,6.12,0.1849,6.24,3.24,-0.0270,3.30,85.000,0.53,83.99,4.60,41.10,3.27
1972-01-05,145,102.98,,6.08,0.1540,5.90,3.15,-0.0178,3.06,89.300,0.52,91.42,4.28,41.20,3.26
1972-02-04,146,105.19,,6.04,0.1188,5.74,3.05,-0.0088,2.90,93.600,0.51,93.36,4.27,41.40,3.76
1972-03-05,147,107.34,,6.01,0.0852,5.60,2.96,0.0000,2.76,94.350,0.49,93.62,4.67,41.40,3.50
1972-04-05,148,108.04,,6.16,0.0917,5.70,2.96,0.0000,2.74,95.100,0.48,88.40,4.96,41.50,3.49
1972-05-05,149,108.13,,6.32,0.0976,5.84,2.96,0.0000,2.74,97.010,0.47,88.20,4.64,41.60,3.23
1972-06-05,150,108.28,,6.48,0.1046,5.98,2.96,0.0000,2.73,98.900,0.46,89.20,4.93,41.70,2.96
1972-07-05,151,107.31,,6.31,0.1086,5.88,3.01,0.0042,2.81,101.500,0.48,94.64,4.96,41.80,2.96
1972-08-05,152,109.75,,6.13,0.1093,5.59,3.07,0.0087,2.79,104.100,0.50,95.61,4.98,41.90,2.95
1972-09-04,153,110.28,,5.96,0.1131,5.40,3.12,0.0135,2.83,108.050,0.52,95.34,5.52,42.10,3.19
1972-10-04,154,110.17,,6.39,0.1347,5.80,3.25,0.0405,2.95,112.010,0.51,92.84,5.52,42.20,3.18
1972-11-04,155,114.37,,6.81,0.1535,5.95,3.39,0.0676,2.96,114.050,0.50,90.86,5.27,42.40,3.41
1972-12-04,156,117.28,,7.24,0.1728,6.17,3.52,0.0946,3.00,116.100,0.49,88.40,5.52,42.50,3.41
1973-01-04,157,117.70,,7.33,0.1981,6.23,3.36,0.0708,2.85,113.450,0.46,84.26,5.89,42.70,3.64
1973-02-03,158,114.12,,7.43,0.2268,6.51,3.20,0.0478,2.80,110.800,0.43,81.76,6.19,43.00,3.86
1973-03-06,159,111.56,,7.52,0.2534,6.74,3.04,0.0256,2.72,106.800,0.40,79.69,6.85,43.40,4.83
1973-04-05,160,109.40,,7.75,0.2488,7.08,3.08,0.0369,2.82,102.800,0.40,78.65,6.85,43.70,5.30
1973-05-06,161,106.38,,7.97,0.2423,7.49,3.12,0.0472,2.93,103.600,0.39,77.00,6.89,43.90,5.53
1973-06-05,162,105.04,,8.20,0.2376,7.81,3.16,0.0568,3.01,104.400,0.39,75.35,7.31,44.20,6.00
1973-07-05,163,105.95,,8.07,0.2401,7.62,3.21,0.0595,3.03,99.100,0.40,72.26,8.39,44.20,5.74
1973-08-05,164,105.08,,7.93,0.2423,7.55,3.27,0.0625,3.11,93.800,0.41,71.65,8.82,45.00,7.40
1973-09-04,165,106.31,,7.80,0.2447,7.34,3.32,0.0658,3.12,100.650,0.43,72.09,8.31,45.20,7.36
1973-10-05,166,109.16,,8.24,0.2387,7.55,3.53,0.0909,3.24,107.500,0.43,77.84,7.40,45.60,8.06
1973-11-04,167,102.08,,8.68,0.2346,8.50,3.75,0.1154,3.67,89.050,0.43,77.21,7.57,45.90,8.25
1973-12-05,168,95.88,,9.12,0.2293,9.51,3.96,0.1392,4.13,70.600,0.43,74.44,7.27,46.30,8.94
1974-01-04,169,96.67,,8.85,0.1884,9.15,3.73,0.1162,3.86,66.650,0.42,63.00,7.42,46.80,9.60
1974-02-03,170,94.94,,8.59,0.1463,9.05,3.51,0.0939,3.69,62.700,0.41,60.87,6.88,47.30,10.00
1974-03-06,171,96.17,,8.32,0.1026,8.65,3.28,0.0723,3.41,78.900,0.39,61.53,7.76,47.80,10.14
1974-04-05,172,92.08,,8.79,0.1262,9.55,3.32,0.0679,3.61,95.100,0.38,71.33,8.62,48.10,10.07
1974-05-06,173,89.26,,9.25,0.1475,10.36,3.36,0.0641,3.76,93.800,0.36,72.77,8.78,48.60,10.71
1974-06-05,174,88.04,,9.72,0.1667,11.04,3.40,0.0606,3.86,92.500,0.35,72.20,8.67,49.00,10.86
1974-07-06,175,82.79,,9.57,0.1695,11.56,3.49,0.0750,4.22,84.900,0.37,66.55,8.80,49.30,11.54
1974-08-05,176,76.09,,9.43,0.1746,12.39,3.59,0.0913,4.71,77.300,0.38,64.30,9.36,49.90,10.89
1974-09-05,177,67.81,,9.28,0.1779,13.69,3.68,0.1098,5.43,65.900,0.40,62.35,8.87,50.60,11.95
1974-10-05,178,68.58,,8.93,0.0785,13.02,3.79,0.0763,5.52,54.500,0.42,60.69,8.05,51.00,11.84
1974-11-04,179,72.03,,8.59,-0.0097,11.93,3.89,0.0437,5.41,48.850,0.45,59.39,7.66,51.50,12.20
1974-12-05,180,68.07,,8.24,-0.0905,12.11,4.00,0.0118,5.88,43.200,0.49,58.42,7.31,51.90,12.10
1975-01-04,181,73.24,,7.68,-0.1223,10.49,3.85,0.0344,5.26,48.850,0.50,55.70,6.83,52.30,11.75
1975-02-04,182,79.53,,7.12,-0.1559,8.95,3.71,0.0558,4.66,54.500,0.52,56.97,5.98,52.60,11.21
1975-03-06,183,83.03,,6.56,-0.1897,7.90,3.56,0.0761,4.29,60.450,0.54,60.13,6.11,52.80,10.46
1975-04-06,184,84.78,,6.96,-0.2049,8.21,3.56,0.0634,4.20,66.400,0.51,69.56,6.90,53.00,10.19
1975-05-06,185,89.73,,7.36,-0.2200,8.20,3.56,0.0514,3.97,69.300,0.48,73.26,6.39,53.10,9.26
1975-06-05,186,92.92,,7.76,-0.2379,8.35,3.56,0.0400,3.83,72.200,0.46,75.59,6.29,53.50,9.18
1975-07-06,187,92.05,,8.01,-0.2031,8.70,3.60,0.0277,3.91,77.300,0.45,75.18,7.11,54.00,9.53
1975-08-05,188,86.72,,8.24,-0.1671,9.50,3.64,0.0144,4.20,82.400,0.44,75.81,7.70,54.20,8.62
1975-09-05,189,84.93,,8.48,-0.1220,9.98,3.68,0.0000,4.33,80.010,0.43,76.11,7.75,54.60,7.91
1975-10-05,190,86.81,,8.67,-0.0374,9.99,3.75,-0.0112,4.32,77.600,0.43,74.29,6.95,54.90,7.65
1975-11-05,191,90.06,,8.85,0.0353,9.83,3.81,-0.0225,4.23,85.650,0.43,75.26,6.49,55.30,7.38
1975-12-05,192,89.87,,9.04,0.1031,10.06,3.88,-0.0337,4.32,93.700,0.43,77.25,6.60,55.60,7.13
1976-01-05,193,95.71,,9.15,0.1835,9.56,3.79,-0.0185,3.96,97.350,0.41,83.13,5.81,55.80,6.69
1976-02-04,194,100.54,,9.25,0.2585,9.20,3.69,-0.0037,3.67,101.000,0.40,84.98,5.91,55.90,6.27
1976-03-05,195,101.27,,9.36,0.3302,9.24,3.60,0.0109,3.55,95.250,0.38,85.69,6.21,56.00,6.06
1976-04-05,196,102.15,,9.61,0.3057,9.41,3.68,0.0320,3.60,89.500,0.38,82.59,5.92,56.10,5.85
1976-05-05,197,101.02,,9.87,0.2836,9.77,3.76,0.0524,3.72,92.010,0.38,83.01,6.40,56.40,6.21
1976-06-05,198,101.88,,10.12,0.2611,9.93,3.84,0.0722,3.77,94.500,0.38,84.29,6.52,56.70,5.98
1976-07-05,199,104.20,,9.97,0.2142,9.57,3.91,0.0810,3.75,94.550,0.39,88.91,6.20,57.00,5.56
1976-08-05,200,103.05,,9.83,0.1719,9.54,3.97,0.0903,3.86,94.600,0.40,90.04,6.00,57.30,5.72
1976-09-04,201,104.87,,9.68,0.1282,9.23,4.04,0.1000,3.85,90.850,0.42,90.15,5.84,57.60,5.49
1976-10-04,202,103.27,,9.95,0.1332,9.63,4.25,0.1377,4.12,87.100,0.43,87.49,5.50,57.90,5.46
1976-11-04,203,101.74,,10.21,0.1378,10.04,4.47,0.1738,4.39,93.000,0.44,86.90,5.29,58.10,5.06
1976-12-04,204,104.75,,10.48,0.1423,10.00,4.68,0.2083,4.47,98.900,0.45,86.62,4.89,58.40,5.04
1977-01-04,205,104.59,,10.33,0.1184,9.88,4.51,0.1843,4.31,98.250,0.44,86.62,5.29,58.70,5.20
1977-02-03,206,101.00,,10.19,0.0956,10.09,4.33,0.1611,4.29,97.600,0.43,86.99,5.47,59.30,6.08
1977-03-06,207,99.68,,10.04,0.0702,10.07,4.16,0.1386,4.17,95.350,0.41,87.69,5.50,59.60,6.43
1977-04-05,208,98.86,,10.52,0.0915,10.64,4.28,0.1411,4.33,93.100,0.41,89.80,5.44,60.00,6.95
1977-05-06,209,97.75,,11.01,0.1117,11.26,4.40,0.1433,4.50,95.650,0.40,90.36,5.84,60.20,6.74
1977-06-05,210,98.54,,11.48,0.1298,11.65,4.52,0.1453,4.59,98.200,0.39,90.44,5.80,60.50,6.70
1977-07-05,211,99.90,,11.27,0.1258,11.28,4.55,0.1420,4.55,97.500,0.40,89.90,5.94,60.80,6.67
1977-08-05,212,97.62,,11.05,0.1197,11.32,4.57,0.1385,4.68,98.700,0.41,89.13,6.37,61.10,6.63
1977-09-04,213,96.54,,10.84,0.1155,11.23,4.60,0.1346,4.76,96.700,0.42,87.97,6.53,61.30,6.42
1977-10-05,214,94.08,,10.96,0.0960,11.65,4.85,0.1402,5.16,95.500,0.44,85.56,6.97,61.60,6.39
1977-11-04,215,93.54,,11.08,0.0790,11.85,5.11,0.1455,5.46,98.900,0.46,84.31,6.95,62.00,6.71
1977-12-05,216,94.34,,11.20,0.0627,11.87,5.36,0.1504,5.68,109.700,0.48,83.33,6.96,62.30,6.68
1978-01-04,217,91.88,,10.85,0.0461,11.81,5.13,0.1378,5.59,107.800,0.47,83.70,7.28,62.70,6.81
1978-02-03,218,88.55,,10.51,0.0290,11.87,4.91,0.1254,5.54,107.000,0.47,84.30,7.34,63.00,6.24
1978-03-06,219,88.51,,10.16,0.0111,11.48,4.68,0.1130,5.29,104.700,0.46,78.80,7.31,63.40,6.38
1978-04-05,220,93.00,,11.01,0.0447,11.84,4.77,0.1016,5.13,109.900,0.43,81.60,7.45,63.90,6.50
1978-05-06,221,97.24,,11.87,0.0776,12.21,4.87,0.0914,5.00,105.500,0.41,82.90,7.82,64.50,7.14
1978-06-05,222,97.15,,12.72,0.1107,13.09,4.96,0.0821,5.11,109.500,0.39,80.00,8.09,65.00,7.44
1978-07-06,223,97.74,,12.55,0.1180,12.84,4.99,0.0857,5.10,105.400,0.40,82.40,8.39,65.50,7.73
1978-08-05,224,102.55,,12.37,0.1256,12.06,5.01,0.0897,4.89,108.010,0.41,78.40,8.31,65.90,7.86
1978-09-05,225,103.64,,12.20,0.1339,11.77,5.04,0.0940,4.86,106.600,0.41,80.40,8.64,66.50,8.48
1978-10-05,226,98.39,,12.88,0.1744,13.09,5.21,0.0754,5.30,108.600,0.40,79.30,9.14,67.10,8.93
1978-11-04,227,94.50,,13.56,0.2089,14.35,5.39,0.0575,5.70,96.500,0.40,75.00,10.01,67.50,8.87
1978-12-05,228,95.59,,14.24,0.2390,14.90,5.56,0.0403,5.82,102.200,0.39,66.10,10.30,67.90,8.99
1979-01-04,229,98.46,,14.17,0.2645,14.39,5.44,0.0615,5.53,99.500,0.38,72.10,10.41,68.50,9.25
1979-02-04,230,98.03,,14.11,0.2910,14.39,5.32,0.0824,5.43,101.500,0.38,73.90,10.24,69.20,9.84
1979-03-06,231,99.29,,14.04,0.3180,14.14,5.20,0.1032,5.24,96.400,0.37,68.40,10.25,69.90,10.25
1979-04-06,232,101.85,,14.51,0.2717,14.25,5.31,0.1023,5.21,94.600,0.37,66.00,10.12,70.60,10.49
1979-05-06,233,100.23,,14.97,0.2286,14.94,5.41,0.1015,5.40,96.010,0.36,68.10,10.12,71.40,10.70
1979-06-05,234,101.06,,15.44,0.1910,15.28,5.52,0.1007,5.46,92.700,0.36,65.80,9.57,72.20,11.08
1979-07-06,235,103.06,,15.23,0.1891,14.78,5.59,0.1103,5.42,81.400,0.37,60.40,9.64,73.00,11.45
1979-08-05,236,106.53,,15.01,0.1871,14.09,5.65,0.1203,5.31,79.400,0.38,64.50,9.98,73.70,11.84
1979-09-05,237,108.90,,14.80,0.1852,13.59,5.72,0.1308,5.25,87.800,0.39,66.70,10.84,74.40,11.88
1979-10-05,238,105.56,,14.92,0.1406,14.13,5.85,0.1206,5.55,92.300,0.39,62.10,12.44,75.20,12.07
1979-11-05,239,103.82,,15.04,0.0989,14.49,5.99,0.1108,5.77,90.200,0.40,63.30,12.39,76.00,12.59
1979-12-05,240,107.38,,15.16,0.0596,14.12,6.12,0.1014,5.70,90.700,0.40,61.00,11.98,76.90,13.25
1980-01-05,241,110.63,,15.36,0.0781,13.88,6.01,0.1026,5.44,85.900,0.39,67.00,12.06,78.00,13.87
1980-02-04,242,114.84,,15.56,0.0966,13.55,5.91,0.1038,5.14,85.300,0.38,66.90,13.92,79.00,14.16
1980-03-05,243,106.08,,15.76,0.1162,14.86,5.80,0.1049,5.47,80.800,0.37,56.50,15.82,80.10,14.59
1980-04-05,244,103.53,,15.19,0.0456,14.67,5.89,0.1002,5.69,60.500,0.39,52.70,13.30,80.90,14.59
1980-05-05,245,108.44,,14.61,-0.0239,13.47,5.99,0.0958,5.52,50.100,0.41,51.70,9.39,81.70,14.43
1980-06-05,246,113.31,,14.04,-0.0923,12.39,6.08,0.0915,5.37,56.100,0.43,58.70,8.16,82.50,14.27
1980-07-05,247,118.34,,13.89,-0.0872,11.74,6.13,0.0909,5.18,65.400,0.44,62.30,8.65,82.60,13.15
1980-08-05,248,122.81,,13.75,-0.0810,11.20,6.19,0.0903,5.04,70.800,0.45,67.30,10.24,83.20,12.89
1980-09-04,249,125.45,,13.60,-0.0761,10.84,6.24,0.0897,4.97,80.300,0.46,73.70,11.52,83.90,12.77
1980-10-04,250,128.37,,14.36,-0.0369,11.19,6.32,0.0792,4.92,84.200,0.44,75.00,12.49,84.70,12.63
1980-11-04,251,134.30,,15.12,0.0055,11.26,6.40,0.0690,4.77,87.200,0.42,76.70,14.15,85.60,12.63
1980-12-04,252,135.57,,15.88,0.0513,11.71,6.48,0.0592,4.78,78.600,0.41,64.50,14.88,86.40,12.35
1981-01-04,253,133.55,,15.52,0.0115,11.62,6.41,0.0652,4.80,74.400,0.41,71.40,14.08,87.20,11.79
1981-02-03,254,129.36,,15.16,-0.0291,11.72,6.35,0.0711,4.91,69.000,0.42,66.90,14.57,88.00,11.39
1981-03-06,255,133.55,,14.80,-0.0706,11.08,6.28,0.0769,4.70,77.800,0.42,66.50,13.71,88.60,10.61
1981-04-05,256,134.53,,15.12,-0.0049,11.24,6.36,0.0738,4.73,81.600,0.42,72.40,14.32,89.10,10.14
1981-05-06,257,132.27,,15.44,0.0549,11.67,6.44,0.0708,4.87,86.900,0.42,76.30,16.20,89.70,9.79
1981-06-05,258,132.06,,15.76,0.1083,11.93,6.52,0.0679,4.94,83.000,0.41,73.10,14.86,90.50,9.70
1981-07-05,259,129.97,,15.39,0.0966,11.84,6.60,0.0728,5.08,83.500,0.43,74.10,15.72,91.50,10.77
1981-08-05,260,127.79,,15.01,0.0831,11.75,6.68,0.0777,5.23,85.700,0.45,77.20,16.72,92.20,10.82
1981-09-04,261,118.44,,14.64,0.0703,12.36,6.76,0.0828,5.71,77.600,0.46,73.10,16.52,93.10,10.97
1981-10-05,262,119.09,,15.17,0.0536,12.74,6.81,0.0776,5.72,75.600,0.45,70.30,15.38,93.40,10.27
1981-11-04,263,123.70,,15.71,0.0382,12.70,6.87,0.0725,5.55,66.900,0.44,62.50,12.41,93.80,9.58
1981-12-05,264,124.32,,16.24,0.0228,13.06,6.92,0.0675,5.57,66.600,0.43,64.30,12.85,94.10,8.91
1982-01-04,265,120.08,,15.03,-0.0318,12.52,6.83,0.0626,5.69,64.900,0.45,71.00,14.32,94.40,8.26
1982-02-03,266,115.69,,13.81,-0.0899,11.94,6.73,0.0579,5.82,62.300,0.49,66.50,14.73,94.70,7.61
1982-03-06,267,111.08,,12.60,-0.1503,11.34,6.64,0.0533,5.98,56.700,0.53,62.00,13.95,94.70,6.88
1982-04-05,268,114.80,,12.80,-0.1529,11.15,6.72,0.0528,5.85,57.000,0.53,65.50,13.98,95.00,6.62
1982-05-06,269,114.85,,13.01,-0.1547,11.33,6.80,0.0524,5.92,61.400,0.52,67.50,13.34,95.90,6.91
1982-06-05,270,110.27,,13.20,-0.1576,11.97,6.88,0.0520,6.24,56.700,0.52,65.70,14.07,97.00,7.18
1982-07-06,271,108.64,,12.87,-0.1677,11.85,6.89,0.0430,6.35,63.200,0.54,65.40,13.24,97.50,6.56
1982-08-05,272,112.42,,12.53,-0.1796,11.15,6.91,0.0337,6.14,56.900,0.55,65.40,11.43,97.70,5.97
1982-09-05,273,121.05,,12.20,-0.1937,10.08,6.92,0.0241,5.72,58.100,0.57,69.30,10.85,97.70,4.94
1982-10-05,274,128.67,,12.32,-0.2227,9.57,6.95,0.0198,5.40,54.300,0.56,73.40,9.32,98.10,5.03
1982-11-04,275,137.38,,12.44,-0.2513,9.06,6.97,0.0157,5.08,57.400,0.56,72.10,9.16,98.00,4.48
1982-12-05,276,139.42,,12.56,-0.2788,9.01,7.00,0.0116,5.02,59.500,0.56,71.90,8.91,97.70,3.83
1983-01-04,277,143.10,,12.28,-0.2137,8.58,6.93,0.0155,4.85,59.000,0.56,70.40,8.62,97.90,3.71
1983-02-04,278,146.53,,12.01,-0.1437,8.20,6.87,0.0193,4.69,67.600,0.57,74.60,8.92,98.00,3.48
1983-03-06,279,151.03,,11.72,-0.0721,7.76,6.80,0.0231,4.50,79.400,0.58,80.80,9.04,98.10,3.59
1983-04-06,280,157.99,,12.44,-0.0292,7.87,6.87,0.0211,4.35,83.100,0.55,89.10,8.98,98.80,4.00
1983-05-06,281,163.52,,13.16,0.0121,8.05,6.93,0.0191,4.24,87.700,0.53,93.30,8.90,99.20,3.44
1983-06-05,282,165.61,,13.88,0.0541,8.38,7.00,0.0171,4.23,87.500,0.50,92.20,9.66,99.40,2.47
1983-07-06,283,165.72,,14.27,0.1140,8.61,7.05,0.0231,4.26,89.000,0.49,92.80,10.20,99.80,2.36
1983-08-05,284,162.79,,14.65,0.1765,9.00,7.11,0.0291,4.37,91.200,0.49,90.90,10.53,100.10,2.46
1983-09-05,285,166.21,,15.04,0.2423,9.05,7.16,0.0353,4.31,91.100,0.48,89.90,10.16,100.40,2.76
1983-10-05,286,166.26,,15.19,0.2307,9.14,7.23,0.0408,4.35,92.100,0.48,89.30,9.81,100.80,2.75
1983-11-05,287,164.91,,15.33,0.2196,9.30,7.29,0.0462,4.42,96.700,0.48,91.10,9.94,101.10,3.16
1983-12-05,288,164.91,,15.48,0.2104,9.39,7.36,0.0514,4.46,103.600,0.48,94.20,10.11,101.40,3.79
1984-01-05,289,164.98,,15.87,0.2516,9.62,7.29,0.0510,4.42,103.900,0.46,100.10,9.90,102.10,4.29
1984-02-04,290,159.15,,16.25,0.2894,10.21,7.23,0.0507,4.54,101.000,0.44,97.40,10.04,102.60,4.69
1984-03-05,291,157.62,,16.64,0.3271,10.56,7.16,0.0503,4.54,101.100,0.43,101.00,10.59,102.90,4.89
1984-04-05,292,158.51,,16.97,0.2982,10.71,7.28,0.0572,4.59,106.100,0.43,96.10,10.90,103.30,4.55
1984-05-05,293,155.35,,17.31,0.2707,11.14,7.40,0.0640,4.76,104.800,0.43,98.10,11.66,103.50,4.33
1984-06-05,294,151.97,,17.64,0.2429,11.61,7.52,0.0707,4.95,105.800,0.43,95.50,12.08,103.70,4.33
1984-07-05,295,151.24,,17.25,0.1878,11.41,7.49,0.0603,4.95,100.400,0.43,96.60,12.03,104.10,4.31
1984-08-05,296,159.20,,16.87,0.1366,10.60,7.47,0.0498,4.69,103.100,0.44,99.10,11.82,104.40,4.30
1984-09-04,297,166.37,,16.48,0.0865,9.91,7.44,0.0391,4.47,100.010,0.45,100.90,11.58,104.70,4.28
1984-10-04,298,165.46,,16.25,0.0625,9.82,7.61,0.0531,4.60,99.100,0.47,96.30,10.90,105.10,4.27
1984-11-04,299,165.77,,16.03,0.0404,9.67,7.79,0.0667,4.70,105.500,0.49,95.70,9.82,105.30,4.15
1984-12-04,300,165.35,,15.80,0.0181,9.56,7.96,0.0798,4.81,97.000,0.50,92.90,9.33,105.50,4.04
1985-01-04,301,172.62,,15.75,-0.0070,9.12,7.87,0.0765,4.56,102.000,0.50,96.00,9.02,105.70,3.53
1985-02-03,302,180.63,,15.69,-0.0332,8.69,7.77,0.0732,4.30,103.100,0.50,93.70,9.29,106.30,3.61
1985-03-06,303,180.56,,15.64,-0.0607,8.66,7.68,0.0699,4.25,96.100,0.49,93.70,9.86,106.80,3.79
1985-04-05,304,180.49,,15.27,-0.1046,8.46,7.73,0.0595,4.28,104.400,0.51,94.60,9.14,107.00,3.58
1985-05-06,305,184.43,,14.89,-0.1510,8.07,7.79,0.0497,4.22,99.600,0.52,91.80,8.46,107.20,3.57
1985-06-05,306,189.57,,14.52,-0.1975,7.66,7.84,0.0402,4.14,102.600,0.54,96.50,7.80,107.50,3.66
1985-07-05,307,192.04,,14.67,-0.1638,7.64,7.84,0.0441,4.08,103.200,0.53,94.00,7.86,107.70,3.46
1985-08-05,308,189.46,,14.81,-0.1313,7.82,7.84,0.0480,4.14,100.900,0.53,92.40,8.05,107.90,3.35
1985-09-04,309,184.74,,14.96,-0.0972,8.10,7.84,0.0521,4.24,96.010,0.52,92.10,8.07,108.10,3.25
1985-10-05,310,185.80,,14.41,-0.1205,7.76,7.96,0.0448,4.28,96.100,0.55,88.40,8.01,108.50,3.24
1985-11-04,311,196.19,,13.87,-0.1451,7.07,8.08,0.0377,4.12,98.100,0.58,90.90,7.88,109.00,3.51
1985-12-05,312,206.66,,13.32,-0.1708,6.45,8.20,0.0306,3.97,98.200,0.62,93.90,7.67,109.50,3.79
1986-01-04,313,210.06,,13.97,-0.1213,6.65,8.19,0.0408,3.90,96.900,0.59,95.60,7.73,109.90,3.97
1986-02-03,314,219.36,,14.63,-0.0716,6.67,8.17,0.0510,3.73,96.010,0.56,95.90,7.61,109.70,3.20
1986-03-06,315,232.03,,15.28,-0.0241,6.59,8.16,0.0612,3.52,95.100,0.53,95.10,7.03,109.10,2.15
1986-04-05,316,236.55,,15.28,0.0007,6.46,8.16,0.0536,3.45,100.100,0.53,96.20,6.44,108.70,1.59
1986-05-06,317,241.08,,15.28,0.0281,6.34,8.16,0.0462,3.38,100.200,0.53,94.80,6.65,109.00,1.68
1986-06-05,318,246.73,,15.28,0.0571,6.19,8.16,0.0390,3.31,100.010,0.53,99.30,6.73,109.40,1.77
1986-07-06,319,243.26,,15.36,0.0494,6.31,8.23,0.0472,3.38,97.500,0.54,97.70,6.27,109.50,1.67
1986-08-05,320,243.80,,15.44,0.0431,6.33,8.29,0.0555,3.40,91.700,0.54,94.90,5.93,109.60,1.58
1986-09-05,321,241.62,,15.52,0.0366,6.42,8.36,0.0637,3.46,89.700,0.54,91.90,5.77,110.00,1.76
1986-10-05,322,237.78,,14.29,-0.0079,6.01,8.37,0.0507,3.52,85.800,0.59,95.60,5.72,110.20,1.57
1986-11-04,323,244.48,,13.07,-0.0524,5.35,8.39,0.0376,3.43,89.700,0.64,91.40,5.80,110.40,1.28
1986-12-05,324,246.88,,11.84,-0.0969,4.80,8.40,0.0245,3.40,93.200,0.71,89.10,5.87,110.80,1.19
1987-01-04,325,259.84,,13.81,-0.0104,5.31,8.40,0.0259,3.23,85.400,0.61,90.40,5.78,111.40,1.36
1987-02-04,326,279.75,,15.79,0.0751,5.64,8.40,0.0273,3.00,91.800,0.53,90.20,5.96,111.80,1.91
1987-03-06,327,290.22,,17.76,0.1598,6.12,8.40,0.0287,2.89,95.800,0.47,90.80,6.03,112.20,2.84
1987-04-06,328,289.82,,16.03,0.0525,5.53,8.56,0.0478,2.95,97.400,0.53,92.80,6.50,112.70,3.68
1987-05-06,329,288.20,,14.29,-0.0757,4.96,8.72,0.0668,3.03,103.000,0.61,91.10,7.01,113.00,3.67
1987-06-05,330,297.83,,12.56,-0.2297,4.22,8.88,0.0857,2.98,102.100,0.71,91.50,6.80,113.50,3.75
1987-07-06,331,311.01,,15.47,0.0080,4.97,8.89,0.0794,2.86,105.800,0.57,93.70,6.68,113.80,3.93
1987-08-05,332,325.21,,18.37,0.1856,5.65,8.91,0.0730,2.74,110.700,0.48,94.40,7.03,114.30,4.29
1987-09-05,333,323.09,,21.28,0.3243,6.59,8.92,0.0667,2.76,115.700,0.42,93.60,7.67,114.70,4.27
1987-10-05,334,279.75,,20.32,0.3762,7.26,8.95,0.0670,3.20,115.100,0.44,89.30,7.59,115.00,4.36
1987-11-05,335,241.25,,19.36,0.4402,8.02,8.97,0.0673,3.72,100.800,0.46,83.10,6.96,115.40,4.53
1987-12-05,336,238.00,,18.40,0.5223,7.73,9.00,0.0676,3.78,107.700,0.49,86.80,7.17,115.60,4.33
1988-01-05,337,251.53,,19.57,0.3723,7.78,8.99,0.0664,3.57,109.900,0.46,90.80,6.99,116.00,4.13
1988-02-04,338,260.13,,20.75,0.2700,7.98,8.98,0.0653,3.45,114.900,0.43,91.60,6.64,116.20,3.94
1988-03-05,339,263.86,,21.92,0.1955,8.31,8.97,0.0641,3.40,112.700,0.41,94.60,6.71,116.50,3.83
1988-04-05,340,261.74,,22.68,0.3273,8.67,9.29,0.0818,3.55,115.700,0.41,91.20,7.01,117.20,3.99
1988-05-05,341,259.02,,23.44,0.4726,9.05,9.71,0.1100,3.75,120.200,0.41,94.80,7.40,117.50,3.98
1988-06-05,342,268.66,,24.20,0.6326,9.01,10.00,0.1244,3.72,115.700,0.41,94.70,7.49,118.00,3.96
1988-07-05,343,271.09,,24.43,0.4578,9.01,10.03,0.1264,3.70,113.500,0.41,93.40,7.75,118.50,4.13
1988-08-05,344,266.07,,24.65,0.3027,9.26,9.92,0.1123,3.73,119.700,0.40,97.40,8.17,119.00,4.11
1988-09-04,345,266.32,,24.88,0.1642,9.34,9.84,0.1025,3.69,110.700,0.40,97.30,8.09,119.50,4.18
1988-10-04,346,275.91,,25.08,0.2099,9.09,9.93,0.1060,3.60,116.900,0.40,94.10,8.11,119.90,4.26
1988-11-04,347,273.97,,25.28,0.2526,9.23,10.09,0.1150,3.68,112.900,0.40,93.00,8.48,120.30,4.25
1988-12-04,348,275.58,,25.48,0.2926,9.25,10.16,0.1160,3.69,119.400,0.40,91.90,8.99,120.70,4.41
1989-01-04,349,286.63,,25.53,0.2440,8.91,10.05,0.1056,3.51,115.800,0.39,97.90,9.05,121.20,4.48
1989-02-03,350,293.29,,25.59,0.1963,8.73,9.92,0.0948,3.38,120.700,0.39,95.40,9.25,121.60,4.65
1989-03-06,351,292.54,,25.64,0.1495,8.76,10.00,0.1045,3.42,117.400,0.39,94.30,9.57,122.20,4.89
1989-04-05,352,302.33,,25.80,0.1244,8.53,10.43,0.1143,3.45,116.600,0.40,91.50,9.36,123.10,5.03
1989-05-06,353,314.32,,25.96,0.0997,8.26,11.00,0.1284,3.50,116.700,0.42,90.70,8.98,123.70,5.28
1989-06-05,354,320.52,,26.12,0.0754,8.15,11.44,0.1417,3.57,117.200,0.44,90.60,8.44,124.10,5.17
1989-07-05,355,331.85,,24.80,0.0145,7.47,11.54,0.1501,3.48,120.400,0.47,92.00,7.89,124.50,5.06
1989-08-05,356,347.32,,23.48,-0.0457,6.76,11.43,0.1524,3.29,115.400,0.49,89.60,8.18,124.50,4.62
1989-09-04,357,349.03,,22.16,-0.1061,6.35,11.32,0.1480,3.24,116.300,0.51,95.80,8.22,124.80,4.44
1989-10-05,358,344.27,,22.56,-0.0977,6.55,11.37,0.1376,3.30,117.010,0.50,93.90,7.99,125.40,4.59
1989-11-04,359,340.94,,22.96,-0.0894,6.73,11.46,0.1247,3.36,115.100,0.50,90.90,7.77,125.90,4.66
1989-12-05,360,348.29,,23.36,-0.0812,6.71,11.44,0.1119,3.28,113.010,0.49,90.50,7.72,126.30,4.64
1990-01-04,361,340.72,,23.05,-0.1000,6.77,11.21,0.1005,3.29,106.500,0.49,93.00,7.92,127.50,5.20
1990-02-03,362,329.79,,22.75,-0.1210,6.90,10.99,0.0936,3.33,106.700,0.48,89.50,8.11,128.00,5.26
1990-03-06,363,336.85,,22.44,-0.1444,6.66,11.08,0.0954,3.29,110.600,0.49,91.30,8.35,128.60,5.24
1990-04-05,364,336.45,,23.04,-0.1223,6.85,11.65,0.1078,3.46,107.300,0.51,93.90,8.40,128.90,4.71
1990-05-06,365,346.27,,23.64,-0.1010,6.83,12.39,0.1208,3.58,107.300,0.52,90.60,8.32,129.10,4.37
1990-06-05,366,359.82,,24.24,-0.0805,6.74,12.84,0.1224,3.57,102.400,0.53,88.30,8.10,129.90,4.67
1990-07-06,367,358.51,,24.12,-0.0295,6.73,12.71,0.1048,3.55,101.700,0.53,88.20,7.94,130.50,4.82
1990-08-05,368,335.56,,24.01,0.0233,7.16,12.29,0.0784,3.66,84.700,0.51,76.40,7.78,131.60,5.70
1990-09-05,369,312.78,,23.88,0.0766,7.63,12.00,0.0614,3.84,85.600,0.50,72.80,7.76,132.50,6.17
1990-10-05,370,306.08,,22.60,0.0017,7.38,12.14,0.0661,3.97,62.600,0.54,63.90,7.55,133.40,6.38
1990-11-04,371,312.71,,21.32,-0.0694,6.82,12.43,0.0782,3.98,61.700,0.58,66.00,7.31,133.70,6.20
1990-12-05,372,327.10,,20.04,-0.1370,6.13,12.48,0.0810,3.82,61.200,0.62,65.50,7.05,134.20,6.25
1991-01-04,373,331.85,,19.72,-0.1381,5.94,12.03,0.0644,3.62,55.100,0.61,66.80,6.64,134.70,5.65
1991-02-04,374,355.58,,19.40,-0.1395,5.46,11.42,0.0351,3.21,59.400,0.59,70.40,6.27,134.80,5.31
1991-03-06,375,371.42,,19.08,-0.1407,5.14,11.16,0.0067,3.00,81.100,0.58,87.70,6.40,134.80,4.82
1991-04-06,376,378.02,,19.11,-0.1739,5.06,11.58,-0.0063,3.06,79.400,0.61,81.80,6.24,135.10,4.81
1991-05-06,377,380.21,,19.13,-0.2115,5.03,12.34,-0.0037,3.25,76.400,0.65,78.30,6.13,135.60,5.03
1991-06-05,378,379.69,,19.16,-0.2535,5.05,12.96,0.0096,3.41,78.010,0.68,82.10,6.36,136.00,4.70
1991-07-06,379,379.43,,19.59,-0.2297,5.16,13.07,0.0297,3.44,77.700,0.67,82.90,6.31,136.20,4.37
1991-08-05,380,388.54,,20.01,-0.2062,5.15,12.83,0.0472,3.30,76.100,0.64,82.00,5.78,136.60,3.80
1991-09-05,381,390.92,,20.44,-0.1803,5.23,12.52,0.0466,3.20,72.900,0.61,83.00,5.57,137.00,3.40
1991-10-05,382,387.56,,19.80,-0.1465,5.11,12.36,0.0196,3.19,60.100,0.62,78.30,5.33,137.20,2.85
1991-11-05,383,384.38,,19.16,-0.1129,4.98,12.29,-0.0115,3.20,52.700,0.64,69.10,4.89,137.80,3.07
1991-12-05,384,395.47,,18.52,-0.0793,4.68,12.16,-0.0247,3.07,52.500,0.66,68.20,4.38,138.20,2.98
1992-01-05,385,413.91,,18.92,-0.0408,4.57,11.90,-0.0100,2.87,50.200,0.63,67.50,4.15,138.30,2.67
1992-02-04,386,411.48,,19.32,-0.0040,4.70,11.65,0.0180,2.83,47.300,0.60,68.80,4.29,138.60,2.82
1992-03-05,387,408.02,,19.72,0.0313,4.83,11.64,0.0383,2.85,56.500,0.59,76.00,4.63,139.10,3.19
1992-04-05,388,406.83,,20.09,0.0495,4.94,11.99,0.0336,2.95,65.100,0.60,77.20,4.30,139.40,3.18
1992-05-05,389,414.73,,20.47,0.0699,4.94,12.52,0.0146,3.02,71.900,0.61,79.20,4.19,139.70,3.02
1992-06-05,390,410.18,,20.84,0.0907,5.08,12.96,0.0000,3.16,72.600,0.62,80.40,4.17,140.10,3.01
1992-07-05,391,416.10,,20.72,0.0597,4.98,13.11,0.0031,3.15,61.200,0.63,76.60,3.60,140.50,3.16
1992-08-05,392,417.92,,20.60,0.0305,4.93,13.02,0.0161,3.11,59.010,0.63,76.10,3.47,140.80,3.07
1992-09-04,393,417.45,,20.48,0.0020,4.91,12.80,0.0241,3.07,57.300,0.63,75.60,3.18,141.10,2.99
1992-10-04,394,413.61,,21.13,0.0662,5.11,12.56,0.0165,3.04,54.600,0.59,73.30,3.30,141.70,3.28
1992-11-04,395,424.38,,21.79,0.1285,5.13,12.33,0.0033,2.91,65.600,0.57,85.30,3.68,142.10,3.12
1992-12-04,396,434.58,,22.44,0.1881,5.16,12.12,-0.0031,2.79,78.100,0.54,91.00,3.71,142.30,2.97
1993-01-04,397,436.01,,23.29,0.2109,5.34,11.96,0.0046,2.74,76.700,0.51,89.30,3.50,142.80,3.25
1993-02-03,398,440.11,,24.15,0.2345,5.49,11.91,0.0194,2.71,68.500,0.49,86.60,3.39,143.10,3.25
1993-03-06,399,448.22,,25.01,0.2583,5.58,12.04,0.0312,2.69,63.200,0.48,85.90,3.33,143.30,3.02
1993-04-05,400,444.20,,25.43,0.2527,5.72,12.39,0.0319,2.79,67.600,0.49,85.60,3.24,143.80,3.16
1993-05-06,401,445.45,,25.85,0.2469,5.80,12.82,0.0240,2.88,61.900,0.50,80.30,3.36,144.20,3.22
1993-06-05,402,449.72,,26.28,0.2424,5.84,13.12,0.0132,2.92,58.600,0.50,81.50,3.54,144.30,3.00
1993-07-05,403,447.81,,26.75,0.2589,5.97,13.16,0.0048,2.94,59.200,0.49,77.00,3.47,144.50,2.85
1993-08-05,404,455.55,,27.21,0.2737,5.97,13.02,0.0002,2.86,59.300,0.48,77.30,3.44,144.80,2.84
1993-09-04,405,458.98,,27.68,0.2879,6.03,12.80,0.0000,2.79,63.800,0.46,77.90,3.36,145.00,2.76
1993-10-05,406,463.56,,28.01,0.2705,6.04,12.61,0.0040,2.72,60.500,0.45,82.70,3.39,145.60,2.75
1993-11-04,407,463.27,,28.32,0.2526,6.11,12.47,0.0106,2.69,71.900,0.44,81.20,3.58,146.00,2.74
1993-12-05,408,465.28,,28.64,0.2359,6.16,12.36,0.0183,2.66,79.800,0.43,88.20,3.61,146.30,2.81
1994-01-04,409,473.83,,28.65,0.2004,6.05,12.30,0.0262,2.60,82.600,0.43,94.30,3.54,146.30,2.45
1994-02-03,410,473.81,,28.67,0.1661,6.05,12.35,0.0339,2.61,79.900,0.43,93.20,3.87,146.70,2.52
1994-03-06,411,455.05,,28.68,0.1326,6.30,12.56,0.0406,2.76,86.700,0.44,91.50,4.32,147.10,2.65
1994-04-05,412,446.31,,29.45,0.1435,6.60,12.97,0.0454,2.91,92.100,0.44,92.60,4.82,147.20,2.36
1994-05-06,413,451.49,,30.23,0.1547,6.70,13.40,0.0465,2.97,88.900,0.44,92.80,5.31,147.50,2.29
1994-06-05,414,450.96,,31.01,0.1652,6.88,13.64,0.0421,3.02,92.500,0.44,91.20,5.27,147.90,2.49
1994-07-06,415,451.36,,31.37,0.1613,6.95,13.56,0.0322,3.00,91.300,0.43,89.00,5.48,148.40,2.70
1994-08-05,416,466.86,,31.75,0.1584,6.80,13.32,0.0245,2.85,90.400,0.42,91.70,5.56,149.00,2.90
1994-09-05,417,468.04,,32.12,0.1548,6.86,13.16,0.0287,2.81,89.500,0.41,91.50,5.76,149.30,2.97
1994-10-05,418,464.76,,33.15,0.1745,7.13,13.24,0.0483,2.85,89.100,0.40,92.70,6.11,149.40,2.61
1994-11-04,419,460.60,,34.17,0.1935,7.42,13.39,0.0687,2.91,100.400,0.39,91.60,6.54,149.80,2.60
1994-12-05,420,454.61,,35.20,0.2115,7.74,13.36,0.0733,2.94,103.400,0.38,95.10,7.14,150.10,2.60
1995-01-04,421,464.55,,34.99,0.2021,7.53,13.02,0.0526,2.80,101.400,0.37,97.60,7.05,150.50,2.87
1995-02-04,422,479.07,,34.77,0.1921,7.26,12.62,0.0209,2.64,99.400,0.36,95.10,6.70,150.90,2.86
1995-03-06,423,493.99,,34.56,0.1831,7.00,12.56,0.0000,2.54,100.200,0.36,90.30,6.43,151.20,2.79
1995-04-06,424,507.73,,35.71,0.1888,7.03,13.06,0.0074,2.57,104.600,0.37,92.50,6.27,151.80,3.13
1995-05-06,425,523.65,,36.85,0.1937,7.04,13.82,0.0320,2.64,102.010,0.38,89.80,6.01,152.10,3.12
1995-06-05,426,538.81,,38.01,0.1989,7.05,14.40,0.0569,2.67,94.600,0.38,92.70,5.64,152.40,3.04
1995-07-06,427,553.68,,38.37,0.2001,6.93,14.47,0.0700,2.61,101.400,0.38,94.40,5.59,152.60,2.83
1995-08-05,428,560.65,,38.75,0.2013,6.91,14.23,0.0722,2.54,102.400,0.37,96.20,5.75,152.90,2.62
1995-09-05,429,573.73,,39.12,0.2025,6.82,14.00,0.0669,2.44,97.300,0.36,88.90,5.62,153.10,2.55
1995-10-05,430,582.03,,39.12,0.1672,6.72,14.01,0.0592,2.41,96.300,0.36,90.20,5.59,153.50,2.74
1995-11-05,431,594.15,,39.12,0.1343,6.58,14.14,0.0549,2.38,101.600,0.36,88.20,5.43,153.70,2.60
1995-12-05,432,612.31,,39.12,0.1031,6.39,14.20,0.0583,2.32,99.200,0.36,91.00,5.31,153.90,2.53
1996-01-05,433,621.35,,38.60,0.0941,6.21,14.04,0.0711,2.26,88.400,0.36,89.30,5.09,154.70,2.79
1996-02-04,434,643.60,,38.08,0.0854,5.92,13.83,0.0851,2.15,98.010,0.36,88.50,4.94,155.00,2.72
1996-03-05,435,642.63,,37.56,0.0767,5.84,13.80,0.0886,2.15,98.400,0.37,93.70,5.34,155.50,2.84
1996-04-05,436,645.12,,38.79,0.0787,6.01,14.10,0.0739,2.19,104.800,0.36,92.70,5.54,156.10,2.83
1996-05-05,437,658.61,,40.01,0.0808,6.07,14.60,0.0545,2.22,103.500,0.36,89.40,5.64,156.40,2.83
1996-06-05,438,669.71,,41.24,0.0826,6.16,15.08,0.0479,2.25,100.100,0.37,92.40,5.81,156.70,2.82
1996-07-05,439,648.09,,40.72,0.0609,6.28,15.39,0.0653,2.37,107.000,0.38,94.70,5.85,157.00,2.88
1996-08-05,440,650.53,,40.20,0.0381,6.18,15.53,0.0940,2.39,112.000,0.39,95.30,5.67,157.20,2.81
1996-09-04,441,668.54,,39.68,0.0149,5.94,15.56,0.1130,2.33,111.800,0.39,94.70,5.83,157.70,3.00
1996-10-04,442,697.78,,41.13,0.0518,5.89,15.52,0.1068,2.22,107.300,0.38,96.50,5.55,158.20,3.06
1996-11-04,443,731.43,,42.59,0.0867,5.82,15.39,0.0853,2.10,109.500,0.36,99.20,5.42,158.70,3.25
1996-12-04,444,744.05,,44.04,0.1193,5.92,15.16,0.0637,2.04,114.200,0.34,96.90,5.47,159.10,3.38
1997-01-04,445,762.78,,43.44,0.1189,5.69,14.83,0.0514,1.94,118.700,0.34,97.40,5.61,159.40,3.04
1997-02-03,446,792.02,,42.84,0.1184,5.41,14.54,0.0456,1.84,118.900,0.34,99.70,5.53,159.70,3.03
1997-03-06,447,779.74,,42.24,0.1179,5.42,14.44,0.0411,1.85,118.500,0.34,100.00,5.80,159.80,2.77
1997-04-05,448,774.03,,43.01,0.1026,5.56,14.64,0.0347,1.89,118.500,0.34,101.40,5.99,159.90,2.43
1997-05-06,449,823.68,,43.76,0.0880,5.31,15.03,0.0285,1.83,127.900,0.34,103.20,5.87,159.90,2.24
1997-06-05,450,868.58,,44.52,0.0745,5.13,15.48,0.0264,1.78,129.900,0.35,104.50,5.69,160.20,2.23
1997-07-05,451,920.43,,44.39,0.0845,4.82,15.85,0.0311,1.72,126.300,0.36,107.10,5.54,160.40,2.17
1997-08-05,452,927.82,,44.25,0.0945,4.77,16.11,0.0396,1.74,127.600,0.36,104.40,5.56,160.80,2.29
1997-09-04,453,926.70,,44.12,0.1051,4.76,16.24,0.0471,1.75,130.200,0.37,106.00,5.52,161.20,2.22
1997-10-05,454,925.07,,44.47,0.0777,4.81,16.24,0.0492,1.76,123.400,0.37,105.60,5.46,161.50,2.09
1997-11-04,455,933.79,,44.81,0.0507,4.80,16.09,0.0466,1.72,128.100,0.36,107.20,5.46,161.70,1.89
1997-12-05,456,959.25,,45.16,0.0252,4.71,15.80,0.0413,1.65,136.200,0.35,102.10,5.53,161.80,1.70
1998-01-04,457,964.05,,44.67,0.0277,4.63,15.40,0.0356,1.60,128.300,0.34,106.60,5.24,162.00,1.63
1998-02-03,458,1015.39,,44.17,0.0301,4.35,15.07,0.0328,1.48,137.400,0.34,110.40,5.31,162.00,1.44
1998-03-06,459,1073.76,,43.68,0.0326,4.07,15.04,0.0369,1.40,133.800,0.34,106.50,5.39,162.00,1.38
1998-04-05,460,1105.79,,44.36,0.0304,4.01,15.45,0.0499,1.40,137.200,0.35,108.70,5.38,162.20,1.44
1998-05-06,461,1101.87,,45.04,0.0286,4.09,16.10,0.0662,1.46,136.300,0.36,106.50,5.44,162.60,1.69
1998-06-05,462,1111.12,,45.72,0.0266,4.11,16.72,0.0785,1.50,138.200,0.37,105.60,5.41,162.80,1.62
1998-07-06,463,1139.85,,44.41,0.0004,3.90,17.09,0.0804,1.50,137.200,0.38,105.20,5.36,163.20,1.75
1998-08-05,464,1039.26,,43.11,-0.0258,4.15,17.18,0.0715,1.65,133.100,0.40,104.40,5.21,163.40,1.62
1998-09-05,465,995.10,,41.80,-0.0531,4.20,17.04,0.0532,1.71,126.400,0.41,100.90,4.71,163.50,1.43
1998-10-05,466,1035.70,,43.16,-0.0295,4.17,16.71,0.0304,1.61,119.300,0.39,97.40,4.12,163.90,1.49
1998-11-04,467,1138.49,,44.52,-0.0064,3.91,16.31,0.0136,1.43,126.400,0.37,102.70,4.53,164.10,1.48
1998-12-05,468,1193.67,,45.88,0.0157,3.84,16.00,0.0120,1.34,126.700,0.35,100.50,4.52,164.40,1.61
1999-01-04,469,1248.67,,46.23,0.0351,3.70,15.89,0.0286,1.27,128.900,0.34,103.90,4.51,164.70,1.67
1999-02-04,470,1253.42,,46.57,0.0557,3.72,15.93,0.0498,1.27,133.100,0.34,108.10,4.70,164.70,1.67
1999-03-06,471,1266.14,,46.92,0.0775,3.71,16.04,0.0587,1.27,134.010,0.34,105.70,4.78,164.80,1.73
1999-04-06,472,1318.92,,48.89,0.1050,3.71,16.17,0.0434,1.23,135.500,0.33,104.60,4.69,165.90,2.28
1999-05-06,473,1322.58,,50.87,0.1310,3.85,16.37,0.0168,1.24,137.700,0.32,106.80,4.85,166.00,2.09
1999-06-05,474,1331.24,,52.84,0.1552,3.97,16.72,0.0000,1.26,139.010,0.32,107.30,5.10,166.00,1.97
1999-07-06,475,1362.56,,52.52,0.1754,3.85,17.23,0.0090,1.26,136.200,0.33,106.00,5.03,166.70,2.14
1999-08-05,476,1324.92,,52.20,0.1952,3.94,17.68,0.0314,1.33,136.000,0.34,104.50,5.20,167.10,2.26
1999-09-05,477,1305.19,,51.88,0.2148,3.97,17.80,0.0474,1.36,134.200,0.34,107.20,5.25,167.80,2.63
1999-10-05,478,1313.13,,52.95,0.2002,4.03,17.40,0.0431,1.33,130.500,0.33,103.20,5.43,168.10,2.56
1999-11-05,479,1380.89,,54.01,0.1866,3.91,16.75,0.0268,1.21,137.000,0.31,107.20,5.55,168.40,2.62
1999-12-05,480,1429.66,,55.08,0.1741,3.85,16.20,0.0120,1.13,141.700,0.29,105.40,5.84,168.80,2.68
2000-01-05,481,1422.96,,55.35,0.1736,3.89,16.03,0.0082,1.13,144.700,0.29,112.00,6.12,169.30,2.79
2000-02-04,482,1382.63,,55.61,0.1732,4.02,16.13,0.0116,1.17,140.800,0.29,111.30,6.22,170.00,3.22
2000-03-05,483,1441.12,,55.88,0.1727,3.88,16.32,0.0157,1.13,137.100,0.29,107.10,6.22,171.00,3.76
2000-04-05,484,1454.40,,57.09,0.1549,3.93,16.44,0.0153,1.13,137.700,0.29,109.20,6.15,170.90,3.01
2000-05-05,485,1428.91,,58.31,0.1378,4.08,16.48,0.0065,1.15,144.700,0.28,110.70,6.33,171.20,3.13
2000-06-05,486,1446.18,,59.52,0.1213,4.12,16.48,-0.0148,1.14,139.200,0.28,106.40,6.17,172.20,3.73
2000-07-05,487,1454.16,,58.57,0.1093,4.03,16.46,-0.0481,1.13,143.000,0.28,108.30,6.08,172.70,3.60
2000-08-05,488,1474.79,,57.63,0.0976,3.91,16.42,-0.0783,1.11,140.800,0.28,107.30,6.18,172.70,3.35
2000-09-04,489,1475.93,,56.68,0.0859,3.84,16.36,-0.0882,1.11,142.500,0.29,106.80,6.13,173.60,3.46
2000-10-04,490,1406.63,,55.27,0.0406,3.93,16.27,-0.0690,1.16,135.800,0.29,105.80,6.01,173.90,3.45
2000-11-04,491,1369.43,,53.85,-0.0027,3.93,16.13,-0.0376,1.18,132.600,0.30,107.60,6.09,174.20,3.44
2000-12-04,492,1319.59,,52.44,-0.0444,3.97,15.92,-0.0170,1.21,128.600,0.30,98.40,5.60,174.60,3.44
2001-01-04,493,1336.07,,49.27,-0.1038,3.69,15.64,-0.0236,1.17,115.700,0.32,94.70,4.81,175.60,3.72
2001-02-03,494,1299.44,,46.09,-0.1652,3.55,15.35,-0.0478,1.18,109.200,0.33,90.60,4.68,176.00,3.53
2001-03-06,495,1187.22,,42.92,-0.2287,3.62,15.12,-0.0733,1.27,116.900,0.35,91.50,4.30,176.10,2.98
2001-04-05,496,1192.77,,40.64,-0.2976,3.41,15.03,-0.0867,1.26,109.900,0.37,88.40,3.98,176.40,3.22
2001-05-06,497,1263.30,,38.36,-0.3705,3.04,15.10,-0.0856,1.20,116.100,0.39,92.00,3.78,177.30,3.56
2001-06-05,498,1242.46,,36.08,-0.4470,2.90,15.36,-0.0704,1.24,118.900,0.43,92.60,3.58,177.70,3.19
2001-07-05,499,1210.24,,36.27,-0.4526,3.00,15.79,-0.0426,1.30,116.300,0.44,92.40,3.62,177.40,2.72
2001-08-05,500,1173.99,,36.45,-0.4595,3.10,16.25,-0.0110,1.38,114.010,0.45,91.50,3.47,177.40,2.72
2001-09-04,501,1068.67,,36.64,-0.4669,3.43,16.56,0.0132,1.55,97.000,0.45,81.80,2.82,178.10,2.59
2001-10-05,502,1059.52,,37.68,-0.4328,3.56,16.58,0.0206,1.56,85.300,0.44,82.70,2.33,177.60,2.13
2001-11-04,503,1104.23,,38.72,-0.3944,3.51,16.34,0.0139,1.48,84.900,0.42,83.90,2.18,177.50,1.89
2001-12-05,504,1143.92,,39.76,-0.3514,3.48,15.92,0.0000,1.39,94.600,0.40,88.80,2.22,177.40,1.60
2002-01-04,505,1134.23,,40.97,-0.2288,3.61,15.43,-0.0135,1.36,97.800,0.38,93.00,2.16,177.70,1.20
2002-02-03,506,1110.37,,42.19,-0.1070,3.80,15.07,-0.0173,1.36,95.010,0.36,90.70,2.23,178.00,1.14
2002-03-06,507,1133.70,,43.40,0.0131,3.83,15.08,-0.0024,1.33,110.700,0.35,95.70,2.57,178.50,1.36
2002-04-05,508,1108.90,,44.45,0.1011,4.01,15.59,0.0339,1.41,108.500,0.35,93.00,2.48,179.30,1.64
2002-05-06,509,1074.90,,45.51,0.1847,4.23,16.25,0.0704,1.51,110.300,0.36,96.90,2.35,179.50,1.24
2002-06-05,510,1020.15,,46.56,0.2636,4.56,16.60,0.0779,1.63,106.300,0.36,92.40,2.20,179.60,1.07
2002-07-06,511,917.90,,46.52,0.2502,5.07,16.34,0.0354,1.78,97.400,0.35,88.10,1.96,180.00,1.47
2002-08-05,512,906.53,,46.48,0.2377,5.13,15.83,-0.0281,1.75,94.500,0.34,87.60,1.76,180.50,1.75
2002-09-05,513,863.89,,46.44,0.2258,5.38,15.60,-0.0637,1.81,93.700,0.34,86.10,1.72,180.80,1.52
2002-10-05,514,844.28,,46.88,0.2070,5.55,16.00,-0.0372,1.89,79.600,0.34,80.60,1.65,181.20,2.03
2002-11-04,515,908.99,,47.32,0.1890,5.21,16.66,0.0197,1.83,84.900,0.35,84.20,1.49,181.50,2.25
2002-12-05,516,909.97,,47.76,0.1718,5.25,17.04,0.0675,1.87,80.700,0.36,86.70,1.45,181.80,2.48
2003-01-04,517,877.73,,48.48,0.1614,5.52,16.77,0.0822,1.91,78.800,0.35,82.40,1.36,182.60,2.76
2003-02-04,518,841.95,,49.20,0.1508,5.84,16.16,0.0688,1.92,64.800,0.33,79.90,1.30,183.60,3.15
2003-03-06,519,843.53,,49.92,0.1404,5.92,15.68,0.0385,1.86,61.400,0.31,77.60,1.24,183.90,3.03
2003-04-06,520,884.30,,50.51,0.1293,5.71,15.69,0.0064,1.77,81.000,0.31,86.00,1.27,183.20,2.18
2003-05-06,521,937.18,,51.09,0.1179,5.45,16.02,-0.0138,1.71,83.600,0.31,92.10,1.18,182.90,1.89
2003-06-05,522,979.25,,51.68,0.1072,5.28,16.36,-0.0141,1.67,83.500,0.32,89.70,1.01,183.10,1.95
2003-07-06,523,985.58,,53.67,0.1475,5.45,16.51,0.0104,1.68,77.000,0.31,90.90,1.12,183.70,2.06
2003-08-05,524,992.54,,55.65,0.1864,5.61,16.71,0.0544,1.68,81.700,0.30,89.30,1.31,184.50,2.22
2003-09-05,525,1008.66,,57.64,0.2244,5.71,17.28,0.1071,1.71,77.010,0.30,87.70,1.24,185.10,2.38
2003-10-05,526,1024.11,,58.27,0.2255,5.69,18.40,0.1531,1.80,81.700,0.32,89.60,1.25,184.90,2.04
2003-11-05,527,1050.94,,58.89,0.2265,5.60,19.60,0.1835,1.86,92.500,0.33,93.70,1.34,185.00,1.93
2003-12-05,528,1084.02,,59.52,0.2276,5.49,20.24,0.1956,1.87,94.800,0.34,92.60,1.31,185.50,2.04
2004-01-05,529,1125.88,,60.84,0.2303,5.40,19.90,0.1899,1.77,97.700,0.33,103.80,1.24,186.30,2.03
2004-02-04,530,1139.87,,62.16,0.2329,5.45,19.02,0.1716,1.67,88.500,0.31,94.40,1.24,186.70,1.69
2004-03-05,531,1130.38,,63.48,0.2353,5.62,18.24,0.1481,1.61,88.500,0.29,95.80,1.19,187.10,1.74
2004-04-05,532,1122.83,,64.96,0.2480,5.79,18.04,0.1276,1.61,93.000,0.28,94.20,1.43,187.40,2.29
2004-05-05,533,1108.01,,66.44,0.2607,6.00,18.28,0.1151,1.65,93.100,0.28,90.20,1.78,188.20,2.90
2004-06-05,534,1130.29,,67.92,0.2728,6.01,18.64,0.1126,1.65,102.800,0.27,95.60,2.12,188.90,3.17
2004-07-05,535,1115.54,,67.79,0.2321,6.08,18.90,0.1199,1.69,105.700,0.28,96.70,2.10,189.10,2.94
2004-08-05,536,1094.09,,67.65,0.1931,6.18,19.14,0.1278,1.75,98.700,0.28,95.90,2.02,189.20,2.55
2004-09-04,537,1112.39,,67.52,0.1556,6.07,19.52,0.1228,1.75,96.700,0.29,94.20,2.12,189.80,2.54
2004-10-04,538,1119.28,,68.95,0.1644,6.16,20.13,0.0960,1.80,92.900,0.29,91.70,2.23,190.80,3.19
2004-11-04,539,1155.02,,70.37,0.1728,6.09,20.81,0.0664,1.80,92.600,0.30,92.80,2.50,191.70,3.62
2004-12-04,540,1194.20,,71.80,0.1808,6.01,21.32,0.0579,1.79,102.700,0.30,97.10,2.67,191.70,3.34
2005-01-04,541,1193.69,,71.87,0.1627,6.02,21.49,0.0840,1.80,105.100,0.30,95.50,2.86,191.60,2.84
2005-02-03,542,1194.56,,71.93,0.1444,6.02,21.44,0.1265,1.80,104.400,0.30,94.10,3.03,192.40,3.05
2005-03-06,543,1194.25,,72.00,0.1262,6.03,21.36,0.1598,1.79,103.000,0.30,92.60,3.30,193.10,3.21
2005-04-05,544,1166.37,,73.89,0.1295,6.34,21.38,0.1657,1.83,97.500,0.29,87.70,3.32,193.70,3.36
2005-05-06,545,1173.52,,75.79,0.1329,6.46,21.44,0.1519,1.83,103.100,0.28,86.90,3.33,193.60,2.87
2005-06-05,546,1197.68,,77.68,0.1359,6.49,21.44,0.1313,1.79,106.200,0.28,96.00,3.36,193.70,2.54
2005-07-05,547,1213.55,,76.91,0.1269,6.34,21.34,0.1136,1.76,103.600,0.28,96.50,3.64,194.90,3.07
2005-08-05,548,1225.36,,76.13,0.1179,6.21,21.35,0.1029,1.74,105.500,0.28,89.10,3.87,196.10,3.65
2005-09-04,549,1224.40,,75.36,0.1089,6.15,21.72,0.1030,1.77,87.500,0.29,76.90,3.85,198.80,4.74
2005-10-05,550,1209.34,,77.16,0.1111,6.38,22.60,0.1155,1.87,85.200,0.29,74.20,4.18,199.10,4.35
2005-11-04,551,1232.05,,78.96,0.1133,6.41,23.63,0.1315,1.92,98.300,0.30,81.60,4.33,198.10,3.34
2005-12-05,552,1255.04,,80.76,0.1153,6.43,24.32,0.1399,1.94,103.800,0.30,91.50,4.35,198.10,3.34
2006-01-04,553,1267.25,,81.51,0.1253,6.43,24.34,0.1333,1.92,106.800,0.30,91.20,4.45,199.30,4.02
2006-02-03,554,1277.98,,82.25,0.1356,6.44,23.97,0.1181,1.88,102.700,0.29,86.70,4.68,199.40,3.64
2006-03-06,555,1288.71,,83.01,0.1461,6.44,23.64,0.1050,1.83,107.500,0.28,88.90,4.77,199.70,3.42
2006-04-05,556,1303.10,,84.60,0.1388,6.49,23.68,0.1018,1.82,109.800,0.28,87.40,4.90,200.70,3.61
2006-05-06,557,1288.18,,86.20,0.1318,6.69,23.92,0.1050,1.86,104.700,0.28,79.10,5.00,201.30,3.98
2006-06-05,558,1262.56,,87.80,0.1253,6.95,24.08,0.1086,1.91,105.400,0.27,84.90,5.16,201.80,4.18
2006-07-06,559,1262.92,,89.24,0.1513,7.07,24.00,0.1090,1.90,107.010,0.27,84.70,5.22,202.90,4.10
2006-08-05,560,1287.60,,90.68,0.1769,7.04,23.95,0.1088,1.86,100.200,0.26,87.00,5.08,203.80,3.93
2006-09-05,561,1317.72,,92.12,0.2019,6.99,24.36,0.1117,1.85,105.900,0.26,88.00,4.97,202.80,2.01
2006-10-05,562,1357.58,,90.73,0.1604,6.68,25.44,0.1197,1.87,105.100,0.28,93.60,5.01,201.90,1.41
2006-11-04,563,1386.82,,89.35,0.1205,6.44,26.70,0.1283,1.93,105.300,0.30,92.10,5.01,202.00,1.97
2006-12-05,564,1409.17,,87.96,0.0820,6.24,27.48,0.1312,1.95,110.010,0.31,91.70,4.94,203.10,2.52
2007-01-04,565,1425.46,,88.49,0.0782,6.21,27.33,0.1248,1.92,110.200,0.31,96.90,5.06,203.44,2.08
2007-02-04,566,1423.93,,89.03,0.0748,6.25,26.66,0.1124,1.87,111.200,0.30,91.30,5.05,204.23,2.42
2007-03-06,567,1407.63,,89.56,0.0711,6.36,26.08,0.1002,1.85,108.200,0.29,88.40,4.92,205.29,2.80
2007-04-06,568,1454.40,,91.79,0.0792,6.31,26.06,0.0935,1.79,106.300,0.28,87.10,4.93,205.90,2.59
2007-05-06,569,1506.31,,94.01,0.0874,6.24,26.40,0.0930,1.75,108.500,0.28,88.30,4.91,206.76,2.71
2007-06-05,570,1514.68,,96.24,0.0960,6.35,26.76,0.0975,1.77,105.300,0.28,85.30,4.96,207.23,2.69
2007-07-06,571,1492.52,,91.99,0.0311,6.16,26.90,0.1064,1.80,111.900,0.29,90.40,4.96,207.60,2.32
2007-08-05,572,1450.92,,87.73,-0.0331,6.05,27.07,0.1167,1.87,105.600,0.31,83.40,4.47,207.67,1.90
2007-09-05,573,1494.68,,83.48,-0.0965,5.59,27.60,0.1242,1.85,99.500,0.33,82.00,4.14,208.55,2.83
2007-10-05,574,1535.58,,75.95,-0.1610,4.95,28.69,0.1249,1.87,95.200,0.38,80.90,4.10,209.19,3.61
2007-11-05,575,1494.71,,68.41,-0.2227,4.58,29.87,0.1200,2.00,87.800,0.44,76.10,3.50,210.83,4.37
2007-12-05,576,1476.80,,60.88,-0.2814,4.12,30.48,0.1121,2.06,90.600,0.50,75.50,3.26,211.45,4.11
2008-01-05,577,1397.09,,62.75,-0.2798,4.49,30.11,0.1032,2.16,87.300,0.48,78.40,2.71,212.17,4.29
2008-02-04,578,1355.50,,64.61,-0.2784,4.77,29.18,0.0933,2.15,76.400,0.45,70.80,2.05,212.69,4.14
2008-03-05,579,1317.45,,66.48,-0.2765,5.05,28.36,0.0826,2.15,65.900,0.43,69.50,1.54,213.45,3.97
2008-04-05,580,1360.23,,67.01,-0.3263,4.93,28.12,0.0718,2.07,62.800,0.42,62.60,1.74,213.94,3.90
2008-05-05,581,1399.91,,67.55,-0.3868,4.83,28.25,0.0620,2.02,58.100,0.42,59.80,2.06,215.21,4.09
2008-06-05,582,1338.92,,68.08,-0.4625,5.08,28.40,0.0538,2.12,51.010,0.42,56.40,2.42,217.46,4.94
2008-07-05,583,1259.17,,66.67,-0.4035,5.29,28.30,0.0463,2.25,51.900,0.42,61.20,2.28,219.02,5.50
2008-08-05,584,1278.21,,65.25,-0.3479,5.10,28.12,0.0362,2.20,58.500,0.43,63.00,2.18,218.69,5.31
2008-09-04,585,1215.91,,63.84,-0.2954,5.25,28.16,0.0197,2.32,61.400,0.44,70.30,1.91,218.88,4.95
2008-10-04,586,1034.94,,53.89,-0.3292,5.21,28.55,-0.0049,2.76,38.800,0.53,57.50,1.42,217.00,3.73
2008-11-04,587,903.36,,43.95,-0.3621,4.87,28.89,-0.0347,3.20,44.700,0.66,55.30,1.07,213.15,1.10
2008-12-04,588,881.60,,34.00,-0.3948,3.86,28.60,-0.0662,3.24,38.600,0.84,60.10,0.49,211.40,-0.02
2009-01-04,589,869.25,,36.15,-0.3990,4.16,27.34,-0.0979,3.14,37.400,0.76,61.20,0.44,211.93,-0.11
2009-02-03,590,791.93,,38.29,-0.4034,4.84,25.54,-0.1296,3.22,25.300,0.67,56.30,0.62,212.71,0.01
2009-03-06,591,756.80,,40.44,-0.4079,5.34,23.84,-0.1605,3.15,26.900,0.59,57.30,0.64,212.50,-0.45
2009-04-05,592,834.61,,45.37,-0.4016,5.44,22.73,-0.1885,2.72,40.800,0.50,65.10,0.55,212.71,-0.58
2009-05-06,593,897.04,,50.31,-0.3923,5.61,22.12,-0.2122,2.47,54.800,0.44,65.10,0.50,213.02,-1.02
2009-06-05,594,921.92,,55.24,-0.3776,5.99,21.76,-0.2322,2.36,49.300,0.39,70.80,0.51,214.79,-1.23
2009-07-05,595,943.57,,57.87,-0.2434,6.13,21.46,-0.2501,2.27,47.400,0.37,66.00,0.48,214.73,-1.96
2009-08-05,596,1007.20,,60.49,-0.1243,6.01,21.30,-0.2673,2.11,54.500,0.35,73.00,0.46,215.45,-1.48
2009-09-04,597,1037.18,,63.12,-0.0178,6.09,21.40,-0.2836,2.06,53.400,0.34,73.50,0.40,215.86,-1.38
2009-10-05,598,1053.10,,64.96,0.2440,6.17,21.83,-0.2957,2.07,48.700,0.34,70.60,0.37,216.51,-0.22
2009-11-04,599,1068.72,,66.80,0.4542,6.25,22.35,-0.2955,2.09,50.600,0.33,67.40,0.31,217.23,1.91
2009-12-05,600,1107.57,,68.64,0.6271,6.20,22.64,-0.2739,2.04,53.600,0.33,72.50,0.37,217.35,2.81
2010-01-04,601,1103.12,,71.60,0.6126,6.49,22.50,-0.2256,2.04,56.500,0.31,74.40,0.35,217.49,2.62
2010-02-03,602,1083.83,,74.56,0.5996,6.88,22.12,-0.1603,2.04,46.400,0.30,73.60,0.35,217.28,2.15
2010-03-06,603,1140.21,,77.52,0.5875,6.80,21.84,-0.0935,1.92,52.300,0.28,73.60,0.40,217.35,2.29
2010-04-06,604,1187.10,,79.55,0.5262,6.70,21.87,-0.0396,1.84,57.700,0.27,72.20,0.45,217.40,2.21
2010-05-06,605,1130.98,,81.57,0.4680,7.21,22.10,-0.0012,1.95,62.700,0.27,67.80,0.37,217.29,2.00
2010-06-05,606,1069.39,,83.60,0.4132,7.82,22.32,0.0247,2.09,54.300,0.27,67.80,0.32,217.20,1.12
2010-07-06,607,1066.14,,84.48,0.3716,7.92,22.40,0.0416,2.10,51.000,0.27,69.60,0.29,217.61,1.34
2010-08-05,608,1081.45,,85.36,0.3336,7.89,22.44,0.0519,2.08,53.200,0.26,69.00,0.26,217.92,1.15
2010-09-05,609,1099.45,,86.24,0.2982,7.84,22.64,0.0568,2.06,48.600,0.26,69.00,0.26,218.28,1.12
2010-10-05,610,1163.69,,86.73,0.2737,7.45,23.10,0.0579,1.98,49.900,0.27,67.70,0.23,219.04,1.17
2010-11-04,611,1191.58,,87.23,0.2505,7.32,23.66,0.0595,1.99,57.800,0.27,71.60,0.25,219.59,1.08
2010-12-05,612,1223.36,,87.72,0.2282,7.17,24.12,0.0663,1.97,63.400,0.27,74.50,0.29,220.47,1.44
2011-01-04,613,1276.01,,88.56,0.2008,6.94,24.32,0.0815,1.91,64.800,0.27,74.20,0.27,221.19,1.70
2011-02-04,614,1312.39,,89.40,0.1739,6.81,24.42,0.1023,1.86,72.010,0.27,77.50,0.29,221.90,2.12
2011-03-06,615,1308.95,,90.24,0.1475,6.89,24.64,0.1237,1.88,63.800,0.27,67.50,0.26,223.05,2.62
2011-04-06,616,1338.09,,93.31,0.1587,6.97,25.12,0.1408,1.88,66.000,0.27,69.80,0.25,224.09,3.08
2011-05-06,617,1348.20,,96.37,0.1697,7.15,25.66,0.1505,1.90,61.700,0.27,74.30,0.19,224.81,3.46
2011-06-05,618,1317.28,,99.44,0.1806,7.55,25.96,0.1509,1.97,57.600,0.26,71.80,0.18,224.81,3.50
2011-07-06,619,1313.07,,100.01,0.1754,7.62,25.86,0.1424,1.97,59.200,0.26,63.70,0.19,225.40,3.58
2011-08-05,620,1230.10,,100.59,0.1704,8.18,25.71,0.1339,2.09,45.200,0.26,55.70,0.11,226.11,3.75
2011-09-05,621,1173.51,,101.16,0.1653,8.62,26.00,0.1364,2.22,46.400,0.26,59.40,0.10,226.60,3.81
2011-10-05,622,1187.99,,99.08,0.1324,8.34,27.01,0.1556,2.27,40.900,0.27,60.90,0.11,226.75,3.52
2011-11-05,623,1233.54,,97.01,0.1015,7.86,28.27,0.1794,2.29,55.200,0.29,64.10,0.11,227.17,3.45
2011-12-05,624,1244.06,,94.92,0.0724,7.63,29.12,0.1926,2.34,64.800,0.31,69.90,0.12,227.22,3.06
2012-01-05,625,1290.90,,95.60,0.0704,7.41,29.12,0.1855,2.26,61.500,0.30,75.00,0.12,227.84,3.01
2012-02-04,626,1342.15,,96.28,0.0684,7.17,28.66,0.1650,2.14,71.600,0.30,75.30,0.16,228.33,2.90
2012-03-05,627,1383.39,,96.96,0.0664,7.01,28.36,0.1431,2.05,69.500,0.29,76.20,0.19,228.81,2.58
2012-04-05,628,1396.54,,98.55,0.0529,7.06,28.65,0.1307,2.05,68.700,0.29,76.40,0.18,229.19,2.27
2012-05-05,629,1353.87,,100.13,0.0388,7.40,29.27,0.1279,2.16,64.400,0.29,79.30,0.19,228.71,1.74
2012-06-05,630,1325.56,,101.72,0.0240,7.67,29.80,0.1319,2.25,62.700,0.29,73.20,0.19,228.52,1.65
2012-07-05,631,1364.70,,99.81,-0.0021,7.31,29.97,0.1410,2.20,65.400,0.30,72.30,0.19,228.59,1.42
2012-08-05,632,1391.81,,97.91,-0.0278,7.03,30.20,0.1563,2.17,61.300,0.31,74.30,0.18,229.92,1.69
2012-09-04,633,1429.57,,96.01,-0.0531,6.72,31.08,0.1791,2.17,68.400,0.32,78.30,0.18,231.02,1.95
2012-10-04,634,1431.83,,94.87,-0.0427,6.63,32.92,0.2064,2.30,73.100,0.35,82.60,0.18,231.64,2.16
2012-11-04,635,1401.50,,93.73,-0.0328,6.69,34.86,0.2252,2.49,71.500,0.37,82.70,0.18,231.25,1.80
2012-12-04,636,1422.16,,92.60,-0.0228,6.51,35.74,0.2221,2.51,66.700,0.39,72.90,0.16,231.22,1.76
2013-01-04,637,1465.11,,96.09,0.0049,6.56,34.83,0.1907,2.38,58.400,0.36,73.80,0.15,231.68,1.68
2013-02-03,638,1507.18,,99.59,0.0338,6.61,33.07,0.1461,2.19,68.010,0.33,77.60,0.16,232.94,2.02
2013-03-06,639,1538.91,,103.08,0.0637,6.70,31.82,0.1112,2.07,61.900,0.31,78.60,0.15,232.28,1.52
2013-04-05,640,1575.09,,103.87,0.0561,6.59,32.04,0.1030,2.03,69.010,0.31,76.40,0.12,231.80,1.14
2013-05-06,641,1624.19,,104.65,0.0482,6.44,33.21,0.1130,2.04,74.300,0.32,84.50,0.12,231.89,1.39
2013-06-05,642,1613.13,,105.44,0.0402,6.54,34.43,0.1294,2.13,82.100,0.33,82.70,0.14,232.45,1.72
2013-07-05,643,1649.71,,106.19,0.0664,6.44,35.01,0.1447,2.12,81.000,0.33,85.10,0.12,232.90,1.89
2013-08-05,644,1664.88,,106.93,0.0906,6.42,35.24,0.1524,2.12,81.800,0.33,82.10,0.13,233.46,1.54
2013-09-04,645,1670.19,,107.68,0.1132,6.45,35.63,0.1431,2.13,80.200,0.33,77.50,0.12,233.54,1.09
2013-10-05,646,1715.16,,109.45,0.1404,6.38,36.54,0.1129,2.13,72.400,0.33,73.20,0.12,233.67,0.88
2013-11-04,647,1781.07,,111.23,0.1672,6.25,37.55,0.0811,2.11,72.010,0.34,75.10,0.12,234.10,1.23
2013-12-05,648,1818.08,,113.01,0.1936,6.22,38.09,0.0683,2.10,77.500,0.34,82.50,0.13,234.72,1.51
2014-01-04,649,1812.43,,111.76,0.1476,6.17,37.79,0.0845,2.08,79.400,0.34,81.20,0.12,235.29,1.56
2014-02-03,650,1811.99,,110.52,0.1022,6.10,37.12,0.1147,2.05,78.300,0.34,81.60,0.12,235.55,1.12
2014-03-06,651,1862.11,,109.28,0.0576,5.87,36.76,0.1387,1.97,83.900,0.34,80.00,0.13,236.03,1.61
2014-04-05,652,1867.39,,111.97,0.0740,6.00,37.20,0.1413,1.99,81.700,0.33,84.10,0.11,236.47,2.02
2014-05-06,653,1897.95,,114.67,0.0901,6.04,38.13,0.1311,2.01,82.200,0.33,81.90,0.10,236.92,2.17
2014-06-05,654,1942.06,,117.36,0.1055,6.04,39.04,0.1211,2.01,86.400,0.33,82.50,0.10,237.23,2.06
2014-07-05,655,1953.76,,117.71,0.1031,6.02,39.53,0.1198,2.02,90.300,0.34,81.80,0.11,237.50,1.97
2014-08-05,656,1960.75,,118.05,0.1006,6.02,39.78,0.1225,2.03,93.400,0.34,82.50,0.11,237.46,1.72
2014-09-05,657,1989.92,,118.40,0.0981,5.95,40.09,0.1212,2.01,89.000,0.34,84.60,0.11,237.48,1.68
2014-10-05,658,1957.08,,114.61,0.0461,5.86,40.66,0.1108,2.08,94.100,0.35,86.90,0.10,237.43,1.61
2014-11-04,659,2040.64,,110.83,-0.0035,5.43,41.34,0.0994,2.03,91.010,0.37,88.80,0.13,236.98,1.23
2014-12-05,660,2047.70,,107.04,-0.0509,5.23,41.89,0.0972,2.05,93.100,0.39,93.60,0.21,236.25,0.65
2015-01-04,661,2028.59,,105.77,-0.0509,5.21,42.12,0.1096,2.08,103.800,0.40,98.10,0.20,234.75,-0.23
2015-02-03,662,2050.42,,104.51,-0.0509,5.10,42.17,0.1270,2.06,98.800,0.40,95.40,0.22,235.34,-0.09
2015-03-06,663,2082.58,,103.24,-0.0510,4.96,42.21,0.1360,2.03,101.400,0.41,93.00,0.25,235.98,-0.02
2015-04-05,664,2081.86,,103.68,-0.0723,4.98,42.40,0.1277,2.04,94.300,0.41,95.90,0.23,236.22,-0.10
2015-05-06,665,2099.35,,104.12,-0.0952,4.96,42.63,0.1087,2.03,94.600,0.41,90.70,0.24,237.00,0.04
2015-06-05,666,2089.49,,104.56,-0.1196,5.00,42.78,0.0893,2.05,99.800,0.41,96.10,0.28,237.66,0.18
2015-07-05,667,2086.92,,103.63,-0.1331,4.97,42.77,0.0769,2.05,91.010,0.41,93.10,0.30,238.03,0.23
2015-08-05,668,2014.08,,102.69,-0.1470,5.10,42.81,0.0717,2.13,101.300,0.42,91.90,0.38,238.03,0.24
2015-09-05,669,1945.72,,101.76,-0.1612,5.23,43.16,0.0728,2.22,102.600,0.42,87.20,0.37,237.50,0.01
2015-10-05,670,1996.76,,98.59,-0.1545,4.94,43.98,0.0783,2.20,99.100,0.45,90.00,0.26,237.73,0.13
2015-11-04,671,2074.26,,95.41,-0.1481,4.60,44.89,0.0833,2.16,92.600,0.47,91.30,0.48,238.02,0.44
2015-12-05,672,2056.10,,92.24,-0.1415,4.49,45.40,0.0820,2.21,96.300,0.49,92.60,0.65,237.76,0.64
2016-01-01,673,1957.23,,93.45,-0.1189,4.77,45.17,0.0713,2.31,97.800,0.48,92.00,0.54,237.65,1.24
2016-02-01,674,1910.56,,94.67,-0.0958,4.96,44.58,0.0564,2.33,94.010,0.47,91.70,0.53,237.34,0.85
2016-03-02,675,2001.53,,95.88,-0.0723,4.79,44.16,0.0452,2.21,96.100,0.46,91.00,0.66,238.08,0.89
2016-04-02,676,2066.69,,98.19,-0.0557,4.75,44.30,0.0433,2.14,94.700,0.45,89.00,0.56,238.99,1.17
2016-05-03,677,2073.38,,100.49,-0.0380,4.85,44.75,0.0472,2.16,92.400,0.45,94.70,0.59,239.56,1.08
2016-06-03,678,2076.26,,102.80,-0.0191,4.95,45.11,0.0515,2.17,97.400,0.44,93.50,0.55,240.22,1.08
2016-07-04,679,2131.01,,106.79,0.0338,5.01,45.14,0.0525,2.12,96.700,0.42,90.00,0.51,240.10,0.87
2016-08-04,680,2171.37,,110.77,0.0853,5.10,45.10,0.0515,2.08,101.800,0.41,89.80,0.57,240.55,1.06
2016-09-04,681,2161.65,,114.76,0.1356,5.31,45.43,0.0512,2.10,103.500,0.40,91.20,0.59,241.18,1.55
2016-10-05,682,2143.70,,113.71,0.1540,5.30,46.35,0.0535,2.16,100.800,0.41,87.20,0.66,241.74,1.69
2016-11-05,683,2156.35,,112.65,0.1716,5.22,47.44,0.0571,2.20,109.400,0.42,93.80,0.74,242.03,1.68
2016-12-06,684,2225.99,,111.60,0.1883,5.01,48.10,0.0598,2.16,113.300,0.43,98.20,0.87,242.64,2.05
2017-01-06,685,2269.14,,112.83,0.1815,4.97,47.91,0.0606,2.11,111.600,0.42,98.50,0.83,243.62,2.51
2017-02-05,686,2323.10,,114.05,0.1750,4.91,47.29,0.0601,2.04,116.100,0.41,96.30,0.82,244.01,2.81
2017-03-07,687,2366.52,,115.28,0.1690,4.87,46.89,0.0600,1.98,124.900,0.41,96.90,1.01,243.89,2.44
2017-04-06,688,2368.41,,117.53,0.1701,4.96,47.15,0.0615,1.99,119.400,0.40,97.00,1.04,244.19,2.18
2017-05-06,689,2392.93,,119.79,0.1713,5.01,47.81,0.0646,2.00,117.600,0.40,97.10,1.12,244.00,1.86
2017-06-05,690,2424.64,,122.04,0.1724,5.03,48.46,0.0696,2.00,117.300,0.40,95.00,1.20,244.16,1.64
2017-07-05,691,2448.36,,123.13,0.1448,5.03,48.78,0.0761,1.99,120.000,0.40,93.40,1.22,244.24,1.73
2017-08-04,692,2464.24,,124.23,0.1180,5.04,48.95,0.0813,1.99,120.400,0.39,96.80,1.23,245.18,1.93
2017-09-03,693,2489.94,,125.32,0.0916,5.03,49.24,0.0814,1.98,120.600,0.39,95.10,1.28,246.44,2.18
2017-10-03,694,2549.96,,128.68,0.1274,5.05,49.86,0.0743,1.96,126.200,0.39,100.70,1.40,246.63,2.02
2017-11-02,695,2654.80,,132.04,0.1619,4.97,50.59,0.0657,1.91,128.600,0.38,98.50,1.56,247.28,2.17
2017-12-02,696,2654.80,,135.40,0.1950,5.10,51.13,0.0626,1.93,123.100,0.38,95.90,1.70,247.81,2.13
2018-01-01,697,2765.69,,138.99,0.2125,5.03,51.28,0.0692,1.85,124.300,0.37,95.70,1.80,248.86,2.15
2018-02-01,698,2724.73,,142.57,0.2296,5.23,51.21,0.0799,1.88,130.010,0.36,99.70,1.96,249.53,2.26
2018-03-03,699,2685.97,,146.16,0.2464,5.44,51.18,0.0870,1.91,127.010,0.35,101.40,2.06,249.58,2.33
2018-04-02,700,2638.20,,148.97,0.2443,5.65,51.39,0.0851,1.95,125.600,0.34,98.80,2.15,250.23,2.47
2018-05-02,701,2671.27,,151.79,0.2424,5.68,51.83,0.0794,1.94,128.800,0.34,98.00,2.27,250.79,2.78
2018-06-02,702,2730.13,,154.60,0.2405,5.66,52.41,0.0772,1.92,127.100,0.34,98.20,2.33,251.02,2.81
2018-07-03,703,2767.05,,158.24,0.2526,5.72,53.06,0.0835,1.92,127.900,0.34,97.90,2.39,251.21,2.85
2018-08-03,704,2858.88,,161.88,0.2641,5.66,53.80,0.0947,1.88,134.700,0.33,96.20,2.45,251.66,2.64
2018-09-03,705,2903.99,,165.52,0.2750,5.70,54.64,0.1054,1.88,135.300,0.33,100.10,2.56,252.18,2.33
2018-10-04,706,2795.36,,157.05,0.1904,5.62,55.56,0.1110,1.99,137.900,0.35,98.60,2.65,252.77,2.49
2018-11-04,707,2731.00,,148.59,0.1090,5.44,56.36,0.1113,2.06,136.400,0.38,97.50,2.70,252.59,2.15
2018-12-05,708,2611.03,,140.12,0.0305,5.37,56.77,0.1075,2.17,126.600,0.41,98.30,2.66,252.77,2.00
2019-01-04,709,2583.49,,144.07,0.0321,5.58,56.64,0.1009,2.19,121.700,0.39,91.20,2.58,252.72,1.55
2019-02-04,710,2745.53,,148.01,0.0336,5.39,56.23,0.0934,2.05,131.400,0.38,93.80,2.55,253.32,1.52
2019-03-06,711,2803.80,,151.96,0.0350,5.42,55.93,0.0870,1.99,124.200,0.37,98.40,2.49,254.20,1.85
2019-04-06,712,2898.15,,154.83,0.0373,5.34,56.01,0.0832,1.93,129.200,0.36,97.20,2.42,255.21,1.99
2019-05-06,713,2852.26,,157.69,0.0397,5.53,56.41,0.0813,1.98,131.300,0.36,100.00,2.34,255.29,1.79
2019-06-06,714,2846.56,,160.56,0.0425,5.64,56.97,0.0804,2.00,124.300,0.35,98.20,2.01,255.16,1.65
2019-07-06,715,2983.00,,160.32,0.0144,5.37,57.72,0.0822,1.93,135.800,0.36,98.40,1.96,255.69,1.78
2019-08-06,716,2935.62,,160.08,-0.0122,5.45,58.46,0.0829,1.99,134.200,0.37,89.80,1.77,256.06,1.75
2019-09-05,717,2949.90,,159.84,-0.0374,5.42,59.21,0.0817,2.01,126.300,0.37,93.20,1.80,256.51,1.72
2019-10-06,718,2981.82,,158.79,0.0112,5.33,59.76,0.0749,2.00,126.100,0.38,95.50,1.57,257.24,1.77
2019-11-05,719,3099.17,,157.73,0.0580,5.09,60.30,0.0699,1.95,126.800,0.38,96.80,1.53,257.80,2.06
2019-12-06,720,3173.22,,156.68,0.1031,4.94,60.85,0.0717,1.92,128.200,0.39,99.30,1.51,258.62,2.31
2020-01-05,721,3255.65,,130.72,-0.0833,4.02,61.00,0.0756,1.87,130.400,0.47,99.80,1.49,259.04,2.50
2020-02-05,722,3109.81,,104.76,-0.2702,3.37,61.14,0.0840,1.97,132.600,0.58,101.00,1.37,259.25,2.34
2020-03-06,723,2721.86,,78.01,-0.4627,2.87,61.29,0.0905,2.25,118.800,0.79,89.10,0.32,258.12,1.54
2020-04-06,724,2703.22,,87.72,-0.4226,3.25,59.99,0.0665,2.22,85.700,0.68,71.80,0.18,256.09,0.35
2020-05-06,725,2937.18,,97.44,-0.3820,3.32,58.69,0.0377,2.00,85.900,0.60,72.30,0.16,255.87,0.23
2020-06-06,726,3084.47,,107.16,-0.3408,3.47,57.38,0.0068,1.86,98.300,0.54,78.10,0.18,256.99,0.72
2020-07-06,727,3189.55,,121.97,-0.2934,3.82,56.88,-0.0137,1.78,91.700,0.47,72.50,0.15,258.28,1.01
2020-08-06,728,3396.97,,136.79,-0.2223,4.03,56.38,-0.0340,1.66,86.300,0.41,74.10,0.13,259.41,1.31
2020-09-05,729,3417.00,,151.60,-0.1056,4.44,55.88,-0.0543,1.64,101.300,0.37,80.40,0.13,260.03,1.37
2020-10-06,730,3359.91,,151.97,-0.0777,4.52,56.77,-0.0497,1.69,101.400,0.37,81.80,0.13,260.29,1.18
2020-11-05,731,3460.89,,152.35,-0.0552,4.40,57.67,-0.0449,1.67,92.900,0.38,76.90,0.12,260.81,1.17
2020-12-06,732,3698.89,,152.72,-0.0370,4.13,58.56,-0.0400,1.58,87.100,0.38,80.70,0.10,262.04,1.32
2021-01-05,733,3753.12,,165.03,0.2813,4.40,58.61,-0.0420,1.56,87.100,0.36,79.00,0.10,262.65,1.39
2021-02-05,734,3804.59,,177.33,0.5305,4.66,58.66,-0.0441,1.54,95.200,0.33,76.80,0.07,263.64,1.69
2021-03-07,735,3900.00,,180.01,0.6728,4.62,58.71,-0.0462,1.51,114.901,0.33,80.01,0.07,264.91,2.63
2021-04-07,736,4096.38,,195.83,0.7114,4.78,58.58,-0.0249,1.43,117.500,0.30,88.30,0.06,266.67,4.13
2021-05-07,737,4172.75,,202.01,0.6864,4.84,58.44,-0.0042,1.40,120.000,0.29,82.90,0.05,268.44,4.92
2021-06-07,738,4245.21,,208.20,0.6616,4.90,58.31,0.0158,1.37,128.900,0.28,85.50,0.07,270.56,5.28
2021-07-07,739,4339.77,,208.16,0.5223,4.80,59.35,0.0421,1.37,125.100,0.29,81.20,0.08,271.76,5.22
2021-08-07,740,4458.66,,208.12,0.4022,4.67,60.39,0.0684,1.35,115.200,0.29,70.30,0.07,272.87,5.19
2021-09-06,741,4422.03,,208.08,0.3138,4.71,61.44,0.0946,1.39,109.800,0.30,72.80,0.08,274.03,5.38
2021-10-07,742,4452.39,,214.33,0.3184,4.81,62.00,0.0893,1.39,111.600,0.29,71.70,0.11,276.52,6.24
2021-11-06,743,4620.36,,220.59,0.3378,4.77,62.57,0.0839,1.35,111.900,0.28,67.40,0.18,278.71,6.86
2021-12-07,744,4668.26,,226.84,0.3560,4.86,63.13,0.0784,1.35,115.200,0.28,70.60,0.30,280.89,7.19
2022-01-06,745,4583.73,,217.04,0.2499,4.74,63.76,0.0867,1.39,111.100,0.29,67.20,0.55,282.60,7.60
2022-02-06,746,4400.87,,207.24,0.1437,4.71,64.38,0.0947,1.46,105.700,0.31,62.80,1.00,284.61,7.95
2022-03-08,747,4422.18,,197.44,0.0838,4.46,65.00,0.1024,1.47,107.600,0.33,59.40,1.34,287.47,8.52
2022-04-08,748,4347.50,,194.12,-0.0080,4.47,65.50,0.1117,1.51,108.600,0.34,65.20,1.89,288.61,8.23
2022-05-08,749,4095.19,,190.80,-0.0508,4.66,66.01,0.1209,1.61,103.200,0.35,58.40,2.06,291.27,8.50
2022-06-08,750,3937.39,,187.48,-0.0913,4.76,66.51,0.1299,1.69,98.400,0.35,57.927,2.65,294.73,8.93
2022-07-08,751,3943.25,,192.12,-0.0739,4.87,66.55,0.1129,1.69,95.300,0.35,57.458,3.02,294.63,8.41
2022-08-08,752,4086.80,,196.76,-0.0548,4.81,66.59,0.0962,1.63,103.600,0.34,56.992,3.28,295.32,8.23
2022-09-07,753,3806.44,,201.40,-0.0338,5.29,66.63,0.0799,1.75,107.800,0.33,56.531,3.89,296.54,8.21
2022-10-08,754,3719.69,,201.43,-0.0665,5.42,67.60,0.0855,1.82,102.200,0.34,56.073,4.43,297.99,7.76
2022-11-07,755,3940.04,,201.45,-0.1003,5.11,68.58,0.0911,1.74,101.400,0.34,55.619,4.73,298.60,7.14
2022-12-08,756,3948.02,,201.48,-0.1353,5.10,69.55,0.0965,1.76,109.010,0.35,55.168,4.68,298.99,6.44
2023-01-07,757,3954.61,,204.37,-0.0659,5.17,68.11,0.0654,1.72,106.010,0.33,54.721,4.69,300.54,6.35
2023-02-07,758,4044.69,,207.27,0.0001,5.12,69.09,0.0708,1.71,102.900,0.33,54.278,4.93,301.65,5.99
2023-03-09,759,3998.07,,210.16,0.0632,5.26,70.15,0.0774,1.75,104.010,0.33,53.838,4.68,301.81,4.99
2023-04-09,760,4122.77,,213.23,0.0949,5.17,68.62,0.0461,1.66,103.700,0.32,53.402,4.68,302.92,4.96
2023-05-09,761,4156.50,,216.29,0.1265,5.20,69.61,0.0526,1.67,102.300,0.32,52.970,4.91,303.29,4.13
2023-06-09,762,4315.88,,219.3600,0.1582,5.08,68.52,0.0290,1.59,110.100,0.31,52.97,5.24,303.84,3.09
2023-07-09,763,4507.89,,215.91,0.1164,4.79,69.14,0.0380,1.53,114.000,0.32,52.97,5.37,304.35,3.30
2023-08-09,764,4450.00,,212.45,0.0757,4.77,70.13,0.0513,1.58,108.700,0.33,52.97,5.37,306.27,3.71
2023-09-08,765,4300.00,,209.0000,0.0362,4.86,69.02,0.0341,1.61,104.300,0.33,52.97,5.44,307.48,3.69
2023-10-09,766,4388.61,,211.20,0.0458,4.81,69.66,0.0299,1.59,99.100,0.33,52.97,5.42,308.10,3.39
2023-11-08,767,4667.27,,213.40,0.0552,4.57,70.66,0.0299,1.51,101.000,0.33,52.97,5.28,308.71,3.39
2023-12-09,768,4801.01,,215.6000,0.0644,4.49,73.51,0.0578,1.53,108.000,0.34,52.97,4.96,309.33,3.46
2024-01-08,769,4980.49,,216.57,0.0565,4.35,70.18,0.0299,1.41,110.900,0.32,52.97,4.79,309.95,3.13
2024-02-08,770,5168.63,,217.55,0.0484,4.21,71.19,0.0299,1.38,105.700,0.33,52.97,4.92,310.57,2.96
2024-03-09,771,5127.79,,218.5200,0.0400,4.26,72.24,0.0302,1.41,103.100,0.33,52.97,4.99,311.19,3.11
2024-04-09,772,5164.87,,223.49,0.0486,4.33,70.70,0.0299,1.37,97.500,0.32,52.97,5.14,311.81,2.94
2024-05-09,773,5378.90,,228.47,0.0570,4.25,71.72,0.0299,1.33,101.300,0.31,52.97,5.16,312.44,3.01
2024-06-09,774,5513.50,,233.4400,0.0653,4.23,73.13,0.0626,1.33,98.700,0.31,52.97,5.11,313.06,3.03
2024-07-09,775,5489.28,,226.29,0.0479,4.12,71.23,0.0299,1.30,101.900,0.31,52.97,4.9,313.69,3.07
2024-08-09,776,5615.65,,231.32,0.0867,4.12,72.26,0.0299,1.29,105.600,0.31,52.97,4.43,314.31,2.63
2024-09-08,777,5733.57,,236.6400,0.1265,4.13,74.72,0.0789,1.30,98.700,0.32,52.97,4.03,314.94,2.43
2024-10-09,778,5862.78,,239.21,0.1253,4.08,72.13,0.0349,1.23,109.600,0.30,52.97,4.20,315.57,2.43
2024-11-08,779,5947.58,,241.79,0.1242,4.07,73.16,0.0349,1.23,112.800,0.30,52.97,4.33,316.20,2.43
2024-12-09,780,5866.58,,244.3600,0.1232,4.17,75.66,0.0293,1.29,104.700,0.31,52.97,4.23,316.84,2.43
2025-01-08,781,5824.75,,245.87,0.1295,4.22,73.03,0.0400,1.25,105.000,0.30,52.97,4.20,316.00,2.50
2025-02-08,782,,,247.37,0.1289,,74.08,0.0400,,105.000,0.30,52.97,4.20,316.00,2.50
2025-03-10,783,,,248.8800,0.1283,,76.60,0.0584,,105.000,0.31,52.97,4.20,316.00,2.50
2025-04-10,784,,,254.55,0.1298,,73.94,0.0449,,105.000,0.29,52.97,4.20,316.00,2.50
2025-05-10,785,,,260.21,0.1313,,75.00,0.0449,,105.000,0.29,52.97,4.20,316.00,2.50
2025-06-10,786,,,265.8800,0.1328,,77.56,0.0586,,105.000,0.29,52.97,4.20,316.00,2.50
2025-07-10,787,,,271.27,0.1829,,74.86,0.0497,,105.000,0.28,52.97,4.20,316.00,2.50
2025-08-10,788,,,276.65,0.1832,,75.94,0.0497,,105.000,0.27,52.97,4.20,316.00,2.50
2025-09-09,789,,,282.0400,0.1824,,78.53,0.0497,,105.000,0.28,52.97,4.20,316.00,2.50
2025-10-10,790,,,284.05,0.1762,,75.80,0.0497,,105.000,0.27,52.97,4.20,316.00,2.50
2025-11-09,791,,,286.07,0.1702,,76.89,0.0497,,105.000,0.27,52.97,4.20,316.00,2.50
2025-12-10,792,,,288.08,0.1644,,79.51,0.0497,,105.000,0.28,52.97,4.20,316.00,2.50